DUNS;Handelsregister-Nummer;UID;Firma;Handelsname;c/o Domiziladresse;Domiziladresse;Zusatz Domiziladresse;PLZ Domiziladresse;Ort Domiziladresse;Kanton Domiziladresse;Land Domiziladresse;c/o Postadresse;Postadresse;Zusatz Postadresse;PLZ Postadresse;Ort Postadresse;Kanton Postadresse;Land Postadresse;Postfachadresse;PLZ Postfachadresse;Ort Postfachadresse;Kanton Postfachadresse;Land Postfachadresse;Sprache;Telefon;Mobil Telefon;Fax;Internet-Adresse;NOGA Primär;NOGA alle_0000;NOGA alle_0001;NOGA alle_0002;NOGA alle_0003;NOGA alle_0004;NOGA alle_0005;SIC Primär;SIC alle_0000;Tätigkeit gemäss Handelsregistereintrag;Import;Export;Export Anteil;Rechtsform;Filiale Indikator;Datum Handelsregistereintrag;Gründungsjahr;Mitarbeiter;Mitarbeiter Gruppe;Kapital Nominal;Kapital Einbezahlt;Anzahl Aktien;Aktien Art;Wert Aktie;Finanzjahr Firmenzahlen;Währung Firmenzahlen;Umsatz Firma;Gewinn/Verlust Firma;Finanzjahr Gruppenzahlen;Währung Gruppenzahlen;Umsatz Gruppe;Gewinn/Verlust Gruppe;Umlaufvermögen Firma;Flüssige Mittel Firma;Kundenguthaben Firma;Transitorische Aktiven Firma;Vorräte Firma;Anlagevermögen Firma;Sachanlagen Firma;Finanzanlagen Firma;Fremdkapital Firma;Kurzfristiges Fremdkapital Firma;Kreditoren Firma;Langfristiges Fremdkapital Firma;Rückstellungen Firma;Eigenkapital Firma;Aktienkapital Firma;Reserven Firma;Gewinnvortrag Firma;Bilanzsumme Firma;Umlaufvermögen Gruppe;Flüssige Mittel Gruppe;Kundenguthaben Gruppe;Transitorische Aktiven Gruppe;Vorräte Gruppe;Anlagevermögen Gruppe;Sachanlagen Gruppe;Finanzanlagen Gruppe;Fremdkapital Gruppe;Kurzfristiges Fremdkapital Gruppe;Kreditoren Gruppe;Langfristiges Fremdkapital Gruppe;Rückstellungen Gruppe;Eigenkapital Gruppe;Aktienkapital Gruppe;Partizipationsschein-Kapital Gruppe;Reserven Gruppe;Gewinnvortrag Gruppe;Bilanzsumme Gruppe;Anrede CEO;Titel CEO;Vorname CEO;Nachname CEO;Funktion CEO;Anrede CFO;Titel CFO;Vorname CFO;Nachname CFO;Funktion CFO;Anrede CIO;Titel CIO;Vorname CIO;Nachname CIO;Funktion CIO;Anrede CMO;Titel CMO;Vorname CMO;Nachname CMO;Funktion CMO;Anrede CPO;Titel CPO;Vorname CPO;Nachname CPO;Funktion CPO;Anrede CSO;Titel CSO;Vorname CSO;Nachname CSO;Funktion CSO;DUNS Hauptsitz;Name Hauptsitz;Ort Hauptsitz;Land Hauptsitz;DUNS Muttergesellschaft;Name Muttergesellschaft;Ort Muttergesellschaft;Land Muttergesellschaft;DUNS Dachgesellschaft;Name Dachgesellschaft;Ort Dachgesellschaft;Land Dachgesellschaft;Clearing Nummer Bankverbindung;Name Bankverbindung;Ort Bankverbindung;Name Revisionsstelle;Ort Revisionsstelle;Rating;Rating Text;Risiko Indikator Text;Score;Höchstkredit;Aktivitätsstatus;Wirtschaftliche Aktivität;Anzahl Rechnungen Duntrade;Total Betrag Rechnungen Duntrade;Paydex
480190258;CH02030448602;CHE-342.404.132;KEEAS AG;;;Sihlstrasse 59;;8001;Zürich;Zürich;Schweiz;;Sihlstrasse 59;;8001;Zürich;Zürich;Schweiz;;;;;;deutsch;044 252 85 45;;;http://www.keeas.ch;711102;Raumplanungsbüros;;;;;;7399;Durchführung von Dienstleistungen allgemein;Die Gesellschaft bezweckt die Orts-, Stadt- und Regionalplanung und die Stadt- und Raumforschung. Die Gesellschaft kann Zweigniederlassungen und Tochtergesellschaften im In- und Ausland errichten und sich an anderen Unternehmen im In- und Ausland beteilig;;;;Aktiengesellschaft;keine Filiale;20170703;2017;3;;100000.00;100000.00;1000;Namenaktien (vinkuliert);100;;;;;;;;;;;;;;;;;;;;;;;;;;;;;;;;;;;;;;;;;;;;;;Herr;;Marcel;Muri;Präsident/in;;;;;;;;;;;;;;;;;;;;;;;;;;;;;;;;;;;;;;;;;;;Einbezahltes Kapital CHF 90'000 - 179'999;Einbezahltes Kapital CHF 90'000 - 179'999;geringes bis mittleres Risiko;73;20000;aktiv;Ist wirtschaftlich aktiv;7;1500.00;80
480255743;;;Morena Rüfenacht;morena isabel;;Kreuzbühlstrasse 8;;8008;Zürich;Zürich;Schweiz;;Kreuzbühlstrasse 8;;8008;Zürich;Zürich;Schweiz;;;;;;deutsch;;079 890 33 35;;http://www.morenaisabel.ch;741001;Industrie- und Produktdesign;;;;;;8999;Dienstleistung allgemein (sonstige);;;;;Einzelfirma;keine Filiale;;;1;;;;;;;;;;;;;;;;;;;;;;;;;;;;;;;;;;;;;;;;;;;;;;;;;;;;Frau;;Morena;Rüfenacht;Geschäftsführer;Frau;;Morena;Rüfenacht;Leiter Finanz-/Rechnungswesen;Frau;;Morena;Rüfenacht;Leiter EDV;Frau;;Morena;Rüfenacht;Leiter Marketing;Frau;;Morena;Rüfenacht;Leiter Einkauf;Frau;;Morena;Rüfenacht;Verkaufsleiter;;;;;;;;;;;;;;;;;;Die finanziellen Mittel sind unbekannt;Die finanziellen Mittel sind unbekannt;mittleres bis höheres Risiko;31;5000;aktiv;;;;
480141388;;CHE-156.749.458;massage-for-you;;;Auwiesenstrasse 55;;8406;Winterthur;Zürich;Schweiz;;Auwiesenstrasse 55;;8406;Winterthur;Zürich;Schweiz;;;;;;deutsch;;079 899 49 67;;http://www.massage-for-you.ch;869005;Sonstige Aktivitäten der nicht-ärztlichen Medizinalberufe;;;;;;8049;Heilpraktiker;;;;;Einzelfirma;keine Filiale;;;1;;;;;;;;;;;;;;;;;;;;;;;;;;;;;;;;;;;;;;;;;;;;;;;;;;;;;;Angela;Mantel;Geschäftsführer;;;;;;;;;;;;;;;;;;;;;;;;;;;;;;;;;;;;;;;;;;;Die finanziellen Mittel sind unbekannt;Die finanziellen Mittel sind unbekannt;geringes bis mittleres Risiko;57;5000;aktiv;;;;
483753385;;;Schulverwaltung;;;Breiteackerstrasse 46b;;8422;Pfungen;Zürich;Schweiz;;Breiteackerstrasse 46b;;8422;Pfungen;Zürich;Schweiz;;;;;;deutsch;052 305 01 20;;;;855904;Sonstiger Unterricht a. n. g.;;;;;;8299;Schule und Ausbildungsstätte (sonstige);;;;;Öffentlich-rechtliche Institution;keine Filiale;;;1;;;;;;;;;;;;;;;;;;;;;;;;;;;;;;;;;;;;;;;;;;;;;;;;;;;;;;;;;;;;;;;;;;;;;;;;;;;;;;;;;;;;;;;;;;;;;;;;;;;Eigenkapital CHF 1'800'000 - 3'499'999;Eigenkapital CHF 1'800'000 - 3'499'999;kein bis sehr geringes Risiko;100;100000;aktiv;Ist wirtschaftlich aktiv;4;450.00;
480224984;CH02039179029;CHE-102.547.095;Monterey Immobilien und Verwaltungs AG;;;Dorfstrasse 51;;8712;Stäfa;Zürich;Schweiz;;Dorfstrasse 51;;8712;Stäfa;Zürich;Schweiz;;;;;;deutsch;043 818 07 48;;043 818 07 50;;683100;Vermittlung von Grundstücken, Gebäuden und Wohnungen für Dritte;683200;;;;;6531;Immobilienmakler und -verwaltungen;Bezweckt Grundstücke zu erwerben, zu verwalten, zu überbauen und zu veräussern;;;;Aktiengesellschaft;keine Filiale;19710810;1971;2;;300000.00;150000.00;300;Namenaktien;1000;31-12-2016 00:00:00;CHF;310000.00;;;;;;;;;;;;;;;;;;;;;;;;;;;;;;;;;;;;;;;;;;;Herr;;Franz;Hollenstein;Präsident/in;;;;;;;;;;;;;;;;;;;;;;;;;;;;;;;;;;;;;;;;;Schuler Treuhand;Baar;Einbezahltes Kapital CHF 90'000 - 179'999;Einbezahltes Kapital CHF 90'000 - 179'999;kein bis sehr geringes Risiko;99;20000;aktiv;Ist wirtschaftlich aktiv;3;1400.00;
484238675;;CHE-106.433.711;Danuta Stäheli;;;Tulpenstrasse 3;;8600;Dübendorf;Zürich;Schweiz;;Tulpenstrasse 3;;8600;Dübendorf;Zürich;Schweiz;;;;;;deutsch;044 821 70 22;;044 821 71 44;;862100;Arztpraxen für Allgemeinmedizin;;;;;;8011;Arztpraxis;;;;;Einzelfirma;keine Filiale;;2007;2;;;;;;;31-12-2016 00:00:00;CHF;370000.00;;;;;;;;;;;;;;;;;;;;;;;;;;;;;;;;;;;;;;;;;;;Frau;;Danuta;Stäheli;Geschäftsführer;Frau;;Danuta;Stäheli;Leiter Finanz-/Rechnungswesen;Frau;;Danuta;Stäheli;Leiter EDV;Frau;;Danuta;Stäheli;Leiter Marketing;Frau;;Danuta;Stäheli;Leiter Einkauf;Frau;;Danuta;Stäheli;Verkaufsleiter;;;;;;;;;;;;;;;;;;Die finanziellen Mittel sind unbekannt;Die finanziellen Mittel sind unbekannt;geringes bis mittleres Risiko;70;15000;aktiv;;;;
487151933;CH35040036564;CHE-392.547.839;Gruppo Cadoro GmbH;;;Guetstrasse 10;;8193;Eglisau;Zürich;Schweiz;;Guetstrasse 10;;8193;Eglisau;Zürich;Schweiz;;;;;;deutsch;;;;;463402;Grosshandel mit sonstigen Getränken;;;;;;5181;Bier Grosshandel;Produktion von, Handel mit, Vertrieb und Vermarktung von alkoholischen und nicht alkoholischen Getränken aller Art, sowie alle damit zusammenhängenden Geschäftstätigkeiten, insbesondere unter anderem die Vermarktung von Handelsnamen und Handelsmarken;;;;Gesellschaft mit beschränkter Haftung;keine Filiale;20131101;2013;5;;20000.00;20000.00;;;;31-12-2016 00:00:00;CHF;2050000.00;;;;;;;;;;;;;;;;;;;;;;;;;;;;;;;;;;;;;;;;;;;Frau;;Patrizia;Stangl;Vorsitzende/r der Geschäftsführung;;;;;;;;;;;;;;;;;;;;;;;;;;;;;;224756983;GRUPPO CADORO LIMITED;LONDON;GB;224756983;GRUPPO CADORO LIMITED;LONDON;GB;;;;;;Einbezahltes Kapital CHF 20'000 - 49'999;Einbezahltes Kapital CHF 20'000 - 49'999;geringes bis mittleres Risiko;72;35000;aktiv;;;;
487149465;;;Kristina Herenda;Herenda Rechtsanwälte;;Stauffacherstrasse 45;;8004;Zürich;Zürich;Schweiz;;Stauffacherstrasse 45;;8004;Zürich;Zürich;Schweiz;;;;;;deutsch;044 740 45 20;;044 740 45 21;http://www.herenda.ch;691001;Advokatur-, Notariatsbüros;;;;;;8111;Juristische Dienstleistungen;;;;;Einzelfirma;keine Filiale;;;1;;;;;;;;;;;;;;;;;;;;;;;;;;;;;;;;;;;;;;;;;;;;;;;;;;;;Frau;;Kristina;Herenda;Geschäftsführer;Frau;;Kristina;Herenda;Leiter Finanz-/Rechnungswesen;Frau;;Kristina;Herenda;Leiter EDV;Frau;;Kristina;Herenda;Leiter Marketing;Frau;;Kristina;Herenda;Leiter Einkauf;Frau;;Kristina;Herenda;Verkaufsleiter;;;;;;;;;;;;;;;;;;Die finanziellen Mittel sind unbekannt;Die finanziellen Mittel sind unbekannt;mittleres bis höheres Risiko;18;5000;aktiv;;;;
484444505;;;René Bridler;;;Heliosstrasse 32;;8032;Zürich;Zürich;Schweiz;;Heliosstrasse 32;;8032;Zürich;Zürich;Schweiz;;;;;;deutsch;044 389 15 70;;044 389 15 71;;862100;Arztpraxen für Allgemeinmedizin;;;;;;8011;Arztpraxis;;;;;Einzelfirma;keine Filiale;;2007;2;;;;;;;31-12-2016 00:00:00;CHF;370000.00;;;;;;;;;;;;;;;;;;;;;;;;;;;;;;;;;;;;;;;;;;;Herr;;René;Bridler;Geschäftsführer;Herr;;René;Bridler;Leiter Finanz-/Rechnungswesen;Herr;;René;Bridler;Leiter EDV;Herr;;René;Bridler;Leiter Marketing;Herr;;René;Bridler;Leiter Einkauf;Herr;;René;Bridler;Verkaufsleiter;;;;;;;;;;;;;;;;;;Die finanziellen Mittel sind unbekannt;Die finanziellen Mittel sind unbekannt;geringes bis mittleres Risiko;70;15000;aktiv;;;;
483789009;;;Kindergarten Girenbadstrasse;;;Girenbadstrasse 15;;8488;Turbenthal;Zürich;Schweiz;;Girenbadstrasse 15;;8488;Turbenthal;Zürich;Schweiz;;;;;;deutsch;052 385 21 81;;;;852003;Obligatorische Schulen a. n. g.;;;;;;8211;Schule;;;;;Öffentlich-rechtliche Institution;keine Filiale;;;1;;;;;;;;;;;;;;;;;;;;;;;;;;;;;;;;;;;;;;;;;;;;;;;;;;;;;;;;;;;;;;;;;;;;;;;;;;;;;;;;;;;;;;;;;;;;;;;;;;;Eigenkapital CHF 1'800'000 - 3'499'999;Eigenkapital CHF 1'800'000 - 3'499'999;kein bis sehr geringes Risiko;100;100000;aktiv;;;;
486088248;;;Herbert Aebi Gartenbau;;;Wydackerstrasse 3;;8152;Glattbrugg;Zürich;Schweiz;;Wydackerstrasse 3;;8152;Glattbrugg;Zürich;Schweiz;;;;;;deutsch;044 810 09 74;;;;813000;Garten- und Landschaftsbau sowie Erbringung von sonstigen gärtnerischen Dienstleistungen;;;;;;1799;Durchführung von baugewerblichen Spezialarbeiten;;;;;Einzelfirma;keine Filiale;;;3;;;;;;;31-12-2016 00:00:00;CHF;535000.00;;;;;;;;;;;;;;;;;;;;;;;;;;;;;;;;;;;;;;;;;;;Herr;;Herbert;Aebi;Geschäftsführer;Herr;;Herbert;Aebi;Leiter Finanz-/Rechnungswesen;Herr;;Herbert;Aebi;Leiter EDV;Herr;;Herbert;Aebi;Leiter Marketing;Herr;;Herbert;Aebi;Leiter Einkauf;Herr;;Herbert;Aebi;Verkaufsleiter;;;;;;;;;;;;;;;;;;Die finanziellen Mittel sind unbekannt;Die finanziellen Mittel sind unbekannt;mittleres bis höheres Risiko;33;10000;aktiv;;;;
480179727;CH02040612829;CHE-372.545.694;Geronimoo GmbH;;Sara Gallo;Holzweid 1;;8330;Pfäffikon ZH;Zürich;Schweiz;Sara Gallo;Holzweid 1;;8330;Pfäffikon ZH;Zürich;Schweiz;;;;;;deutsch;;078 698 45 58;;;463900;Grosshandel mit Nahrungs- und Genussmitteln, Getränken und Tabakwaren, ohne ausgeprägten Schwerpunkt;;;;;;5149;Grosshandel mit Kolonialwaren etc. (sonstige);Die Gesellschaft bezweckt Import, Export sowie Handel mit Waren aller Art, insbesondere mit Lebensmitteln und Hygieneprodukten. Die Gesellschaft bezweckt weiter das Zurverfügungstellen von IT/Online-, Finanz-, Analyse-, und Marketing-Beratungsdienstleist;;;;Gesellschaft mit beschränkter Haftung;keine Filiale;20170420;2017;3;;25000.00;25000.00;;;;;;;;;;;;;;;;;;;;;;;;;;;;;;;;;;;;;;;;;;;;;;;;;Frau;;Sara;Burgos Villca;Geschäftsführer/in;;;;;;;;;;;;;;;;;;;;;;;;;;;;;;;;;;;;;;;;;;;Einbezahltes Kapital CHF 20'000 - 49'999;Einbezahltes Kapital CHF 20'000 - 49'999;mittleres bis höheres Risiko;26;5000;aktiv;Ist wirtschaftlich aktiv;1;600.00;
485008619;CH02010802428;CHE-107.532.238;Barbara Rankwiler;;;Mühlebergstrasse 2;;8910;Affoltern am Albis;Zürich;Schweiz;;Mühlebergstrasse 2;;8910;Affoltern am Albis;Zürich;Schweiz;;;;;;deutsch;044 761 55 95;;;;475903;Detailhandel mit Einrichtungsgegenständen und Hausrat a. n. g.;;;;;;5719;Einzelhandel mit diversen Einrichtungsgegenständen;Nähen und Verkaufen von Innendekorationen.;;;;Einzelfirma;keine Filiale;20190116;2019;1;;;;;;;;;;;;;;;;;;;;;;;;;;;;;;;;;;;;;;;;;;;;;;;;;;;;Frau;;Barbara;Rankwiler;Geschäftsführer;Frau;;Barbara;Rankwiler;Leiter Finanz-/Rechnungswesen;Frau;;Barbara;Rankwiler;Leiter EDV;Frau;;Barbara;Rankwiler;Leiter Marketing;Frau;;Barbara;Rankwiler;Leiter Einkauf;Frau;;Barbara;Rankwiler;Verkaufsleiter;;;;;;;;;;;;;;;;;;Die finanziellen Mittel sind unbekannt;Die finanziellen Mittel sind unbekannt;Lieferung nur gegen Sicherheiten;1;;aktiv;;;;
487147675;;CHE-142.481.864;Sabine Furthmann Riedener;advo5 Rechtsanwälte;;Waltersbachstrasse 5;;8021;Zürich;Zürich;Schweiz;;Waltersbachstrasse 5;;8021;Zürich;Zürich;Schweiz;;;;;;deutsch;044 250 70 70;;044 250 70 71;http://www.advo5.ch;691001;Advokatur-, Notariatsbüros;;;;;;8111;Juristische Dienstleistungen;;;;;Einzelfirma;keine Filiale;;;1;;;;;;;;;;;;;;;;;;;;;;;;;;;;;;;;;;;;;;;;;;;;;;;;;;;;Frau;;Sabine;Furthmann;Geschäftsführer;Frau;;Sabine;Furthmann;Leiter Finanz-/Rechnungswesen;Frau;;Sabine;Furthmann;Leiter EDV;Frau;;Sabine;Furthmann;Leiter Marketing;Frau;;Sabine;Furthmann;Leiter Einkauf;Frau;;Sabine;Furthmann;Verkaufsleiter;;;;;;;;;;;;;;;;;;Die finanziellen Mittel sind unbekannt;Die finanziellen Mittel sind unbekannt;geringes bis mittleres Risiko;70;5000;aktiv;Ist wirtschaftlich aktiv;21;5700.00;80
480134002;CH02010733342;CHE-405.715.315;Ceravolo Versicherungen;;;Lerchenhalde 18;;8703;Erlenbach ZH;Zürich;Schweiz;;Lerchenhalde 18;;8703;Erlenbach ZH;Zürich;Schweiz;;;;;;deutsch;052 243 14 14;;;;662200;Tätigkeit von Versicherungsmaklerinnen und -maklern;;;;;;6411;Versicherungsagenturen, -makler, -dienste;Versicherungsvermittlung.;;;;Einzelfirma;keine Filiale;20160527;2016;2;;;;;;;;;;;;;;;;;;;;;;;;;;;;;;;;;;;;;;;;;;;;;;;;;;;;Herr;;Daniel;Ceravolo;Geschäftsführer;;;;;;;;;;;;;;;;;;;;;;;;;;;;;;;;;;;;;;;;;;;Die finanziellen Mittel sind unbekannt;Die finanziellen Mittel sind unbekannt;geringes bis mittleres Risiko;65;10000;aktiv;;;;
480446891;CH02040696354;CHE-477.186.798;28 out of 10 GmbH;;;Kanzleistrasse 134;;8004;Zürich;Zürich;Schweiz;;Kanzleistrasse 134;;8004;Zürich;Zürich;Schweiz;;;;;;deutsch;;;;;581900;Sonstiges Verlagswesen (ohne Software);;;;;;2741;Betrieb eines Verlages;Die Gesellschaft bezweckt alle Tätigkeiten im Medienbereich und der Informationsvermittlung, insbesondere im Verlagswesen und im Bereich der elektronischen Medien. Sie kann Lizenzen, Patente und andere immaterielle Werte sowie Liegenschaften erwerben, ve;;;;Gesellschaft mit beschränkter Haftung;keine Filiale;20200122;2020;3;;20000.00;20000.00;;;;;;;;;;;;;;;;;;;;;;;;;;;;;;;;;;;;;;;;;;;;;;;;;Herr;;Dominique Marcel;Eichler;Geschäftsführer/in;;;;;;;;;;;;;;;;;;;;;;;;;;;;;;;;;;;;;;;;;;;Einbezahltes Kapital CHF 20'000 - 49'999;Einbezahltes Kapital CHF 20'000 - 49'999;geringes bis mittleres Risiko;58;10000;aktiv;Ist wirtschaftlich aktiv;1;600.00;
485399575;CH02040415669;CHE-115.290.356;Rössli 2010 GmbH;Restaurant Sonnenhof;;Dorfstrasse 1;;8523;Hagenbuch ZH;Zürich;Schweiz;;Dorfstrasse 1;;8523;Hagenbuch ZH;Zürich;Schweiz;;;;;;deutsch;052 364 21 68;;;;561001;Restaurants, Imbissstuben, Tea-Rooms und Gelaterias;;;;;;5812;Speise-Restaurantbetrieb;Die Gesellschaft bezweckt den Betrieb eines Restaurants.;;;;Gesellschaft mit beschränkter Haftung;keine Filiale;20091222;2009;3;;50000.00;50000.00;;;;31-12-2012 00:00:00;CHF;260000.00;;;;;;;;;;;;;;;;;;;;;;;;;;;;;;;;;;;;;;;;;;;Herr;;Armando;Briner;Vorsitzende/r der Geschäftsführung;;;;;;;;;;;;;;;;;;;;;;;;;;;;;;;;;;;;;;;;;;;Einbezahltes Kapital CHF 50'000 - 89'999;Einbezahltes Kapital CHF 50'000 - 89'999;geringes bis mittleres Risiko;56;10000;aktiv;Ist wirtschaftlich aktiv;8;550.00;76
486907491;CH02010657538;CHE-320.024.850;Lippens Consulting und Recruitment;;;Sennhüttenstrasse 6;;8907;Wettswil;Zürich;Schweiz;;Sennhüttenstrasse 6;;8907;Wettswil;Zürich;Schweiz;;;;;;deutsch;043 466 03 25;;;;782000;Befristete Überlassung von Arbeitskräften;;;;;;7362;Büro für Teilzeitarbeitskräfte;Krankenhäuser und Institutionen im schweizerischen Gesundheitswesen unterstützen und beraten bei der Suche nach geeignetem Personal indem vermittelt wird zwischen potentiellen Bewerber und der Institution. Zudem werden neue Mitarbeiter in einer Institut;;;;Einzelfirma;keine Filiale;20130422;2013;1;;;;;;;31-12-2016 00:00:00;CHF;160000.00;;;;;;;;;;;;;;;;;;;;;;;;;;;;;;;;;;;;;;;;;;;Frau;;Wanda;Lippens;Geschäftsführer;Frau;;Wanda;Lippens;Leiter Finanz-/Rechnungswesen;Frau;;Wanda;Lippens;Leiter EDV;Frau;;Wanda;Lippens;Leiter Marketing;Frau;;Wanda;Lippens;Leiter Einkauf;Frau;;Wanda;Lippens;Verkaufsleiter;;;;;;;;;;;;;;;;;;Die finanziellen Mittel sind unbekannt;Die finanziellen Mittel sind unbekannt;geringes bis mittleres Risiko;68;10000;aktiv;;;;
480249477;CH02010789905;CHE-179.341.619;Passaseo Malerarbeiten;;;Tüffenwies 17;;8064;Zürich;Zürich;Schweiz;;Tüffenwies 17;;8064;Zürich;Zürich;Schweiz;;;;;;deutsch;;;;;433401;Malerei;433303;;;;;1721;Durchführung von Maler-, Tapezier- und Dekorationsarbeiten;Betrieb eines Malergeschäfts, Übernahme von Malerarbeiten aller Art, Ausführung von Malerarbeiten, Tapezierarbeiten.;;;;Einzelfirma;keine Filiale;20180710;2018;2;;;;;;;;;;;;;;;;;;;;;;;;;;;;;;;;;;;;;;;;;;;;;;;;;;;;Herr;;Rocco Salvatore;Passaseo;Inhaber/in;;;;;;;;;;;;;;;;;;;;;;;;;;;;;;;;;;;;;;;;;;;Die finanziellen Mittel sind unbekannt;Die finanziellen Mittel sind unbekannt;mittleres bis höheres Risiko;26;5000;aktiv;;;;
480394081;CH27040064662;CHE-203.384.436;fine-advice.ch gmbh;;;Bertastrasse 10;;8003;Zürich;Zürich;Schweiz;;Bertastrasse 10;;8003;Zürich;Zürich;Schweiz;;;;;;deutsch;081 285 10 10;;;;661900;Sonstige mit Finanzdienstleistungen verbundene Tätigkeiten;;;;;;6611;Mit dem Kreditgewerbe verbundene Tätigkeiten;Die Gesellschaft bezweckt die Finanz- und Unternehmensberatung für Private, Institutionelle und Firmen, sowie die Ausübung von Aufsichts- und Verwaltungsratsmandaten. Die Gesellschaft kann sich daneben an anderen Unternehmen irgendwelcher Art im In- und;;;;Gesellschaft mit beschränkter Haftung;keine Filiale;20190228;2019;3;;20000.00;20000.00;;;;;;;;;;;;;;;;;;;;;;;;;;;;;;;;;;;;;;;;;;;;;;;;;Herr;;Rudolf;Baumgartner;Geschäftsführer/in;;;;;;;;;;;;;;;;;;;;;;;;;;;;;;;;;;;;;;;;;;;Einbezahltes Kapital CHF 20'000 - 49'999;Einbezahltes Kapital CHF 20'000 - 49'999;mittleres bis höheres Risiko;22;5000;aktiv;;;;
483775032;;;Alterswohnheim im Spitz;;;Schulstrasse 22;;8302;Kloten;Zürich;Schweiz;;Schulstrasse 22;;8302;Kloten;Zürich;Schweiz;;;;;;deutsch;;;;;873001;Altersheime;;;;;;8361;Altersheime, Seniorenresidenzen;;;;;Öffentlich-rechtliche Institution;keine Filiale;;;1;;;;;;;;;;;;;;;;;;;;;;;;;;;;;;;;;;;;;;;;;;;;;;;;;;;;;;;;;;;;;;;;;;;;;;;;;;;;;;;;;;;;;;;;;;;;;;;;;;;Eigenkapital CHF 1'800'000 - 3'499'999;Eigenkapital CHF 1'800'000 - 3'499'999;kein bis sehr geringes Risiko;100;100000;aktiv;Ist wirtschaftlich aktiv;1;500.00;
480219300;CH02070021890;CHE-478.308.673;Dr. med. Adolf und Adelheid Gretener-Thürlemann Stiftung;;Tax Partner AG;Talstrasse 80;;8001;Zürich;Zürich;Schweiz;Tax Partner AG;Talstrasse 80;;8001;Zürich;Zürich;Schweiz;;;;;;deutsch;044 215 77 77;;;;949904;Sonstige Interessenvertretungen und Vereinigungen a. n. g.;;;;;;8641;Zivil-, Sozial- und sonstiger Verein;Die Stiftung bezweckt die Vergabe des 'Dr. med. Adolf und Adelheid Gretener- Thürlemann Preises der Universität Zürich' als international ausgesetzter Preis in Anerkennung und Würdigung grundlegender, zukunftsweisender, der Allgemeinheit dienender wis;;;;Stiftung;keine Filiale;20171221;2017;1;;;;;;;;;;;;;;;;;;;;;;;;;;;;;;;;;;;;;;;;;;;;;;;;;;;;;;;;;;;;;;;;;;;;;;;;;;;;;;;;;;;;;;;;;;;;;;;;;Palmer Consultants AG;Baar;Die finanziellen Mittel sind unbekannt;Die finanziellen Mittel sind unbekannt;Lieferung nur gegen Sicherheiten;;;aktiv;Ist wirtschaftlich aktiv;1;300.00;
484514950;ch02010798682;CHE-105.210.427;Integrative Tagesvorschule Amschwand;;;Chrummacherstrasse 5;;8954;Geroldswil;Zürich;Schweiz;;Chrummacherstrasse 5;;8954;Geroldswil;Zürich;Schweiz;;;;;;deutsch;044 747 04 14;;;http://www.tagesvorschule.ch;889100;Tagesbetreuung von Kindern;;;;;;8351;Kindertagesstätte;Montessorikindergarten / -Krippe.;;;;Einzelfirma;keine Filiale;20181114;2007;5;;;;;;;31-12-2016 00:00:00;CHF;600000.00;;;;;;;;;;;;;;;;;;;;;;;;;;;;;;;;;;;;;;;;;;;Frau;;Zdenka;Amschwand;Geschäftsführer;Frau;;Zdenka;Amschwand;Leiter Finanz-/Rechnungswesen;Frau;;Zdenka;Amschwand;Leiter EDV;Frau;;Zdenka;Amschwand;Leiter Marketing;Frau;;Zdenka;Amschwand;Leiter Einkauf;Frau;;Zdenka;Amschwand;Verkaufsleiter;;;;;;;;;;;;;;;;;;Die finanziellen Mittel sind unbekannt;Die finanziellen Mittel sind unbekannt;geringes bis mittleres Risiko;70;25000;aktiv;;;;
482806551;CH02030020309;CHE-107.390.027;René Brunner Treuhand AG;;;Wehntalerstrasse 218;;8057;Zürich;Zürich;Schweiz;;Wehntalerstrasse 218;;8057;Zürich;Zürich;Schweiz;;;;;;deutsch;044 301 46 46;;044 301 46 37;http://www.brunner-treuhand.com;692000;"Wirtschaftsprüfung und Steuerberatung; Buchführung; Treuhandgesellschaften";;;;;;8931;Dienstleistung im Bereich Rechnungswesen, Revision, Buchhaltung, Treuhand;"Die Gesellschaft bezweckt Durchführung von Aufträgen, die in das Aufgabengebiet einer Treuhandgesellschaft fallen, wie: Buchhaltungsarbeiten, Wirtschaftsprüfungen, Steuer- und Unternehmensberatungen, Vermögensverwaltungen sowie Personalvermittlungen;";;;;Aktiengesellschaft;keine Filiale;19920227;1992;2;;100000.00;100000.00;100;Namenaktien (vinkuliert);1000;31-12-2016 00:00:00;CHF;400000.00;;;;;;;;;;;;;;;;;;;;;;;;;;;;;;;;;;;;;;;;;;;Herr;;René;Brunner;Mitglied;;;;;;;;;;;;;;;;;;;;;;;;;;;;;;;;;;;;;;;;;;;Einbezahltes Kapital CHF 90'000 - 179'999;Einbezahltes Kapital CHF 90'000 - 179'999;mittleres bis höheres Risiko;46;10000;aktiv;Ist wirtschaftlich aktiv;9;1850.00;85
486821601;CH02010653208;CHE-353.304.612;Emmanuelle Imbert Luft;;;Uetlibergstrasse 16;;8142;Uitikon Waldegg;Zürich;Schweiz;;Uetlibergstrasse 16;;8142;Uitikon Waldegg;Zürich;Schweiz;;;;;;deutsch;043 243 69 43;;;;691001;Advokatur-, Notariatsbüros;;;;;;8111;Juristische Dienstleistungen;Rechtsberatung.;;;;Einzelfirma;keine Filiale;20130220;2013;1;;;;;;;;;;;;;;;;;;;;;;;;;;;;;;;;;;;;;;;;;;;;;;;;;;;;Frau;;Emmanuelle Annick;Imbert Luft;Geschäftsführer;Frau;;Emmanuelle Annick;Imbert Luft;Leiter Finanz-/Rechnungswesen;Frau;;Emmanuelle Annick;Imbert Luft;Leiter EDV;Frau;;Emmanuelle Annick;Imbert Luft;Leiter Marketing;Frau;;Emmanuelle Annick;Imbert Luft;Leiter Einkauf;Frau;;Emmanuelle Annick;Imbert Luft;Verkaufsleiter;;;;;;;;;;;;;;;;;;Die finanziellen Mittel sind unbekannt;Die finanziellen Mittel sind unbekannt;geringes bis mittleres Risiko;71;5000;aktiv;;;;
481450208;CH02079018375;CHE-109.723.364;Wohlfahrtsfonds der Hinderer Gruppe;;Hinderer Holding AG;Schlössli;;8618;Oetwil am See;Zürich;Schweiz;Hinderer Holding AG;Schlössli;;8618;Oetwil am See;Zürich;Schweiz;;;;;;deutsch;044 929 81 11;;044 929 84 56;;653000;Pensionskassen und Pensionsfonds;;;;;;6371;Pensions-, Kranken- und Wohlfahrtskasse;Der Zweck der Stiftung besteht in der Vorsorge zugunsten der Arbeitnehmer der unter der Hinderer Holding AG zusammengeschlossenen Firmen Clienia Schlössli AG, Bergheim Uetikon AG, Hinderer Liegenschaften AG sowie für deren Angehörige und Hinterlassene;;;;Stiftung;keine Filiale;19850323;1985;1;;;;;;;;;;;;;;;;;;;;;;;;;;;;;;;;;;;;;;;;;;;;;;;;;;;;Herr;;Adrian Ernst;Ill;Präsident/in;;;;;;;;;;;;;;;;;;;;;;;;;;;;;;;;;;;;;;;;;PricewaterhouseCoopers AG;St. Gallen;Die finanziellen Mittel sind unbekannt;Die finanziellen Mittel sind unbekannt;zuwenig verfügbare Angaben;;;aktiv;;;;
486644250;CH02010641545;CHE-312.331.497;Beauty Feelings, Silvia Patera;;;Drusbergstrasse 26;;8810;Horgen;Zürich;Schweiz;;Drusbergstrasse 26;;8810;Horgen;Zürich;Schweiz;;;;;;deutsch;044 535 35 25;;;http://www.beautyfeelings.ch;960201;Coiffeursalons;;;;;;7241;Friseurgeschäft;Coiffeur Salon.;;;;Einzelfirma;keine Filiale;20120828;2012;2;;;;;;;;;;;;;;;;;;;;;;;;;;;;;;;;;;;;;;;;;;;;;;;;;;;;Frau;;Silvia;Patera;Geschäftsführer;Frau;;Silvia;Patera;Leiter Finanz-/Rechnungswesen;Frau;;Silvia;Patera;Leiter EDV;Frau;;Silvia;Patera;Leiter Marketing;Frau;;Silvia;Patera;Leiter Einkauf;Frau;;Silvia;Patera;Verkaufsleiter;;;;;;;;;;;;;;;;;;Die finanziellen Mittel sind unbekannt;Die finanziellen Mittel sind unbekannt;geringes bis mittleres Risiko;85;15000;aktiv;Ist wirtschaftlich aktiv;10;1900.00;92
480055759;CH02040541205;CHE-149.799.209;W. Gilli Consulting GmbH;;;Haldenächer 15;;8907;Wettswil;Zürich;Schweiz;;Haldenächer 15;;8907;Wettswil;Zürich;Schweiz;;;;;;deutsch;044 701 12 41;;;;702200;Unternehmensberatung;;;;;;7392;Unternehmensberatung und Public Relations;Die Gesellschaft bezweckt die Erbringung von Dienstleistungen in den Bereichen Finanz­ und Investitionsberatung, Steuerberatung, Treuhand sowie Unternehmens- und Finanzanalyse. Die Gesellschaft kann Zweigniederlassungen und Tochtergesellschaften im In- u;;;;Gesellschaft mit beschränkter Haftung;keine Filiale;20141119;2014;5;;20000.00;20000.00;;;;31-12-2016 00:00:00;CHF;695000.00;;;;;;;;;;;;;;;;;;;;;;;;;;;;;;;;;;;;;;;;;;;Herr;;Werner Julius;Gill;Geschäftsführer/in;;;;;;;;;;;;;;;;;;;;;;;;;;;;;;;;;;;;;;;;;;;Einbezahltes Kapital CHF 20'000 - 49'999;Einbezahltes Kapital CHF 20'000 - 49'999;mittleres bis höheres Risiko;23;15000;aktiv;;;;
484457002;;CHE-109.617.408;Rolf Schwab;;;Buchgrindelstrasse 12;;8620;Wetzikon ZH;Zürich;Schweiz;;Buchgrindelstrasse 12;;8620;Wetzikon ZH;Zürich;Schweiz;;;;;;deutsch;043 488 03 55;;043 488 03 54;;862100;Arztpraxen für Allgemeinmedizin;;;;;;8011;Arztpraxis;;;;;Einzelfirma;keine Filiale;;2007;2;;;;;;;31-12-2016 00:00:00;CHF;370000.00;;;;;;;;;;;;;;;;;;;;;;;;;;;;;;;;;;;;;;;;;;;Herr;;Rolf;Schwab;Geschäftsführer;Herr;;Rolf;Schwab;Leiter Finanz-/Rechnungswesen;Herr;;Rolf;Schwab;Leiter EDV;Herr;;Rolf;Schwab;Leiter Marketing;Herr;;Rolf;Schwab;Leiter Einkauf;Herr;;Rolf;Schwab;Verkaufsleiter;;;;;;;;;;;;;;;;;;Die finanziellen Mittel sind unbekannt;Die finanziellen Mittel sind unbekannt;geringes bis mittleres Risiko;85;15000;aktiv;Ist wirtschaftlich aktiv;25;3850.00;81
483340535;CH02039203044;CHE-106.014.366;PMS Planen + Bau AG;;;Im Lindhof 4;;8617;Mönchaltorf;Zürich;Schweiz;;Im Lindhof 4;;8617;Mönchaltorf;Zürich;Schweiz;;;;;;deutsch;044 948 12 11;;;;711101;Architekturbüros;;;;;;8911;Ingenieur- und Architekturbüro;Die Gesellschaft bezweckt den Betrieb eines Büros für Architektur, Planung, Gestaltung und Innenausbau. Sie kann Bauarbeiten selbst ausführen, die Bauleitung übernehmen oder als Generalunternehmer auftreten. Sie kann Neubauten ausführen, Umbauten ode;;;;Aktiengesellschaft;keine Filiale;19850614;1985;2;;100000.00;100000.00;100;Namenaktien (vinkuliert);1000;;;;;;;;;;;;;;;;;;;;;;;;;;;;;;;;;;;;;;;;;;;;;;Herr;;Peter;Schmid;Präsident/in;;;;;;;;;;;;;;;;;;;;;;;;;;;;;;;;;;;;;;;;;;;Einbezahltes Kapital CHF 90'000 - 179'999;Einbezahltes Kapital CHF 90'000 - 179'999;geringes bis mittleres Risiko;76;15000;aktiv;Ist wirtschaftlich aktiv;1;150.00;
484258574;;CHE-497.054.898;Ernst Bezel;Aerzteduo Leuehuus;;Zugerstrasse 37;;8810;Horgen;Zürich;Schweiz;;Zugerstrasse 37;;8810;Horgen;Zürich;Schweiz;;;;;;deutsch;044 725 04 04;;044 725 04 80;http://www.aerzteduo.ch;862100;Arztpraxen für Allgemeinmedizin;;;;;;8011;Arztpraxis;;;;;Einzelfirma;keine Filiale;;1987;1;;;;;;;;;;;;;;;;;;;;;;;;;;;;;;;;;;;;;;;;;;;;;;;;;;;;Herr;Dr. med. vet.;Ernst;Bezel;Geschäftsführer;Herr;Dr. med. vet.;Ernst;Bezel;Leiter Finanz-/Rechnungswesen;Herr;Dr. med. vet.;Ernst;Bezel;Leiter EDV;Herr;Dr. med. vet.;Ernst;Bezel;Leiter Marketing;Herr;Dr. med. vet.;Ernst;Bezel;Leiter Einkauf;Herr;Dr. med. vet.;Ernst;Bezel;Verkaufsleiter;;;;;;;;;;;;;;;;;;Die finanziellen Mittel sind unbekannt;Die finanziellen Mittel sind unbekannt;geringes bis mittleres Risiko;70;10000;aktiv;Ist wirtschaftlich aktiv;3;600.00;
485159615;CH02010565972;CHE-114.867.744;Rot-Weiss-Rot Weinhandel Harald Löscher;;Harald Löscher;Birchstrasse 55;;8156;Oberhasli;Zürich;Schweiz;Harald Löscher;Birchstrasse 55;;8156;Oberhasli;Zürich;Schweiz;;;;;;deutsch;044 850 66 21;;;;472500;Detailhandel mit Getränken;;;;;;5921;Einzelhandel mit alkoholischen Getränken (Spirituosengeschäft);Handel mit österreichischen Weinen.;;;;Einzelfirma;keine Filiale;20090519;2009;2;;;;;;;31-12-2016 00:00:00;CHF;260000.00;;;;;;;;;;;;;;;;;;;;;;;;;;;;;;;;;;;;;;;;;;;Herr;;Harald Günther;Löscher;Geschäftsführer;Herr;;Harald Günther;Löscher;Leiter Finanz-/Rechnungswesen;Herr;;Harald Günther;Löscher;Leiter EDV;Herr;;Harald Günther;Löscher;Leiter Marketing;Herr;;Harald Günther;Löscher;Leiter Einkauf;Herr;;Harald Günther;Löscher;Verkaufsleiter;;;;;;;;;;;;;;;;;;Die finanziellen Mittel sind unbekannt;Die finanziellen Mittel sind unbekannt;geringes bis mittleres Risiko;77;15000;aktiv;;;;
480290129;;;Aveline Brunschwiler Aura Soma & Reflexzonenmass.;;;Isenbergstrasse 9c;;8913;Ottenbach;Zürich;Schweiz;;Isenbergstrasse 9c;;8913;Ottenbach;Zürich;Schweiz;;;;;;deutsch;;;;http://www.fussundlicht.ch;960402;Sonstiges Körperpflegegewerbe;;;;;;7299;Ausführung von Dienstleistungen aller Art (sonstige);;;;;Einzelfirma;keine Filiale;;;2;;;;;;;31-12-2017 00:00:00;CHF;40000.00;;;;;;;;;;;;;;;;;;;;;;;;;;;;;;;;;;;;;;;;;;;Frau;;Aveline;Brunschwiler;Geschäftsführer;;;;;;;;;;;;;;;;;;;;;;;;;;;;;;;;;;;;;;;;;;;Die finanziellen Mittel sind unbekannt;Die finanziellen Mittel sind unbekannt;mittleres bis höheres Risiko;46;5000;aktiv;;;;
480461567;CH02010838423;CHE-428.143.039;Strong Lion - Morlet;;;Ritterweg 19;;8545;Rickenbach ZH;Zürich;Schweiz;;Ritterweg 19;;8545;Rickenbach ZH;Zürich;Schweiz;;;;;;deutsch;;;;;479100;Versand- und Internet-Detailhandel;;;;;;5961;Versandhaus;Onlinehandel.;;;;Einzelfirma;keine Filiale;20200422;2020;1;;;;;;;;;;;;;;;;;;;;;;;;;;;;;;;;;;;;;;;;;;;;;;;;;;;;Herr;;Raphael;Morlet;Geschäftsführer;;;;;;;;;;;;;;;;;;;;;;;;;;;;;;;;;;;;;;;;;;;Die finanziellen Mittel sind unbekannt;Die finanziellen Mittel sind unbekannt;mittleres bis höheres Risiko;22;5000;aktiv;;;;
480483127;CH02079006291;CHE-109.716.401;Wohlfahrtsfonds der Boller Winkler Gruppe;;;Tösstalstrasse 15;;8488;Turbenthal;Zürich;Schweiz;;Tösstalstrasse 15;;8488;Turbenthal;Zürich;Schweiz;;;;;;deutsch;052 396 22 22;;052 396 22 00;http://www.boller-winkler.ch;653000;Pensionskassen und Pensionsfonds;;;;;;6371;Pensions-, Kranken- und Wohlfahrtskasse;Der Zweck der Stiftung besteht in der Vorsorge zugunsten der Arbeitnehmer der Boiler Winkler Gruppe sowie deren Hinterbliebenen gegen die wirtschaftlichen Folgen von Alter, Invalidität und Tod. Der Zweck kann insbesondere erfüllt werden durch a) Die Erb;;;;Stiftung;keine Filiale;19210506;1921;1;;;;;;;;;;;;;;;;;;;;;;;;;;;;;;;;;;;;;;;;;;;;;;;;;;;;Herr;;Reto;Schnabel;Präsident/in;;;;;;;;;;;;;;;;;;;;;;;;;;;;;;;;;;;;;;;;;BDO AG;Zürich;Die finanziellen Mittel sind unbekannt;Die finanziellen Mittel sind unbekannt;zuwenig verfügbare Angaben;;;aktiv;Ist wirtschaftlich aktiv;1;2650.00;
480239468;CH02020080458;CHE-470.611.435;Bistro Aquarina Patricia Alexandre & Giulia Renis KlG;;;Ellikonerstrasse 2;;8462;Rheinau;Zürich;Schweiz;;Ellikonerstrasse 2;;8462;Rheinau;Zürich;Schweiz;;;;;;deutsch;052 319 24 19;;;;561001;Restaurants, Imbissstuben, Tea-Rooms und Gelaterias;;;;;;5812;Speise-Restaurantbetrieb;Führung eines Gastwirtschaftsbetriebes im Speisen- und Getränkeangebot.;;;;Kollektivgesellschaft;keine Filiale;20180503;2018;3;;;;;;;;;;;;;;;;;;;;;;;;;;;;;;;;;;;;;;;;;;;;;;;;;;;;Frau;;Giulia;Renis;Gesellschafter/in;;;;;;;;;;;;;;;;;;;;;;;;;;;;;;;;;;;;;;;;;;;Die finanziellen Mittel sind unbekannt;Die finanziellen Mittel sind unbekannt;mittleres bis höheres Risiko;16;;aktiv;;;;
485732457;;;Jürg Zoller;;;Claridenstrasse 36;;8008;Zürich;Zürich;Schweiz;;Claridenstrasse 36;;8008;Zürich;Zürich;Schweiz;;;;;;deutsch;044 201 91 41;;044 201 91 42;;691001;Advokatur-, Notariatsbüros;;;;;;8111;Juristische Dienstleistungen;;;;;Einzelfirma;keine Filiale;;;2;;;;;;;;;;;;;;;;;;;;;;;;;;;;;;;;;;;;;;;;;;;;;;;;;;;;Herr;;Jürg;Zoller;Geschäftsführer;Herr;;Jürg;Zoller;Leiter Finanz-/Rechnungswesen;Herr;;Jürg;Zoller;Leiter EDV;Herr;;Jürg;Zoller;Leiter Marketing;Herr;;Jürg;Zoller;Leiter Einkauf;Herr;;Jürg;Zoller;Verkaufsleiter;;;;;;;;;;;;;;;;;;Die finanziellen Mittel sind unbekannt;Die finanziellen Mittel sind unbekannt;mittleres bis höheres Risiko;18;10000;aktiv;;;;
480397816;CH32020862121;CHE-222.581.629;Shanghai-Pavillon Xi;;;Wehntalerstrasse 581;;8046;Zürich;Zürich;Schweiz;;Wehntalerstrasse 581;;8046;Zürich;Zürich;Schweiz;;;;;;deutsch;071 911 28 28;;;;561001;Restaurants, Imbissstuben, Tea-Rooms und Gelaterias;;;;;;5812;Speise-Restaurantbetrieb;Führung eines Restaurants.;;;;Einzelfirma;keine Filiale;20191223;2019;5;;;;;;;;;;;;;;;;;;;;;;;;;;;;;;;;;;;;;;;;;;;;;;;;;;;;Herr;;Yu;Xi;Geschäftsführer;Herr;;Yu;Xi;Leiter Finanz-/Rechnungswesen;Herr;;Yu;Xi;Leiter EDV;Herr;;Yu;Xi;Leiter Marketing;Herr;;Yu;Xi;Leiter Einkauf;Herr;;Yu;Xi;Verkaufsleiter;;;;;;;;;;;;;;;;;;Die finanziellen Mittel sind unbekannt;Die finanziellen Mittel sind unbekannt;mittleres bis höheres Risiko;33;10000;aktiv;;;;
484998823;CH02090029483;CHE-377.752.740;GEOCOM Informatik AG;;;Hardturmstrasse 161;;8005;Zürich;Zürich;Schweiz;;Hardturmstrasse 161;;8005;Zürich;Zürich;Schweiz;;;;;;deutsch;058 267 42 00;;;http://www.geocom.ch;620100;Programmierungstätigkeiten;;;;;;7372;Computerprogrammierung, Erstellung von Software;;;;;Zweigniederlassung;Filiale;20081223;2008;;;;;;;;;;;;;;;;;;;;;;;;;;;;;;;;;;;;;;;;;;;;;;;;;;;;;;;;;;;;;;;;;;;;;;;;;;;;;;;;;;;486320294;GEOCOM Informatik AG;Burgdorf;CH;;;;;314279685;AED GIS Holding GmbH;München;DE;;;;;;Die finanziellen Mittel sind unbekannt;Die finanziellen Mittel sind unbekannt;zuwenig verfügbare Angaben;;;aktiv;;;;
482438244;;;Zweckverband Seewasserwerk Hirsacker-Appital;;;Hirsackerstrasse 56;;8810;Horgen;Zürich;Schweiz;;Hirsackerstrasse 56;;8810;Horgen;Zürich;Schweiz;;;;;;deutsch;;;;http://www.seewasserwerk.ch;749000;Sonstige freiberufliche, wissenschaftliche und technische Tätigkeiten a. n. g.;;;;;;7399;Durchführung von Dienstleistungen allgemein;;;;;XX;keine Filiale;;;;;;;;;;;;;;;;;;;;;;;;;;;;;;;;;;;;;;;;;;;;;;;;;;;;;;;;;;;;;;;;;;;;;;;;;;;;;;;;;;;;;;;;;;;;;;;;;;;;;;Die finanziellen Mittel sind unbekannt;Die finanziellen Mittel sind unbekannt;zuwenig verfügbare Angaben;;;aktiv;Ist wirtschaftlich aktiv;20;27200.00;64
487684185;CH02030072052;CHE-107.153.438;w. wittwer ag;;;Schürweidstrasse 43;;8912;Obfelden;Zürich;Schweiz;;Schürweidstrasse 43;;8912;Obfelden;Zürich;Schweiz;;;;;;deutsch;044 762 50 00;;;http://www.w-elektro.ch;432100;Elektroinstallation;;;;;;1731;Ausführung von Elektroarbeiten;Die Gesellschaft bezweckt die Installation und Planung von Elektro- und Telecomanlagen, Heizungssteuerungen, Steuer- und Verteilanlagen, Entwerfen und Verkaufen von Software, Handel mit Waren aller Art und die Herstellung von Produkten. Ferner kann sich d;;;;Aktiengesellschaft;keine Filiale;19960423;1996;5;;150000.00;150000.00;150;Namenaktien;1000;31-12-2016 00:00:00;CHF;995000.00;;;;;;;;;;;;;;;;;;;;;;;;;;;;;;;;;;;;;;;;;;;Herr;;Willy;Wittwer;Geschäftsführer;;;;;;;;;;;;;;;;;;;;;;;;;;;;;;;;;;;;;;07000;Zürcher Kantonalbank;8000 Zürich;;;Einbezahltes Kapital CHF 90'000 - 179'999;Einbezahltes Kapital CHF 90'000 - 179'999;kein bis sehr geringes Risiko;88;25000;aktiv;Ist wirtschaftlich aktiv;484;245150.00;81
480015591;CH02090041016;CHE-430.578.576;ERGO Versicherung Aktiengesellschaft, Düsseldorf, Zweigniederlassung Zürich;;;Alte Feldeggstrasse 14;;8008;Zürich;Zürich;Schweiz;;Alte Feldeggstrasse 14;;8008;Zürich;Zürich;Schweiz;;;;;;deutsch;044 498 98 98;;044 811 99 01;;651202;Unfall- und Schadenversicherung;;;;;;6321;Unfall- und Krankenversicherungsgesellschaft;Die Gesellschaft bezweckt im In- und Ausland den unmittelbaren Betrieb aller Arten der Schaden- und Unfallversicherung mit Ausnahme der Kreditversicherung. Die Gesellschaft bezweckt den Betrieb der Rückversicherung. (bisher: Die Gesellschaft bezweckt im;;;;Zweigniederlassung (Hauptsitz im Ausland);Filiale;20140226;2014;8;;;;;;;31-12-2015 00:00:00;CHF;1104000.00;;;;;;;;;;;;;;;;;;;;;;;;;;;;;;;;;;;;;;;;;;;Frau;;Caroline;Blanchet;Geschäftsführer;;;;;;;;;;;;;;;;;;;;;;;;;;319431805;ERGO Versicherung Aktiengesellschaft;Düsseldorf;DE;;;;;319431805;ERGO Versicherung Aktiengesellschaft;Düsseldorf;DE;;;;;;Die finanziellen Mittel sind unbekannt;Die finanziellen Mittel sind unbekannt;zuwenig verfügbare Angaben;;;aktiv;Ist wirtschaftlich aktiv;15;12950.00;84
483584301;CH02010512032;CHE-113.292.663;Doris Rabenstein, Beratung, Entwicklung, Coaching;;;Culmannstrasse 30;;8006;Zürich;Zürich;Schweiz;;Culmannstrasse 30;;8006;Zürich;Zürich;Schweiz;;;;;;deutsch;044 350 22 93;;;http://www.dorisrabenstein.ch;702200;Unternehmensberatung;702100;;;;;7392;Unternehmensberatung und Public Relations;Unternehmensberatung und Coaching.;;;;Einzelfirma;keine Filiale;20061206;2006;1;;;;;;;31-12-2016 00:00:00;CHF;225000.00;;;;;;;;;;;;;;;;;;;;;;;;;;;;;;;;;;;;;;;;;;;Frau;;Doris;Rabenstein;Geschäftsführer;;;;;;;;;;;;;;;;;;;;;;;;;;;;;;;;;;;;;;;;;;;Die finanziellen Mittel sind unbekannt;Die finanziellen Mittel sind unbekannt;geringes bis mittleres Risiko;74;15000;aktiv;;;;
480220447;CH02040634434;CHE-453.386.378;BLG Capital Advisors Europe GmbH;;;Badenerstrasse 15;;8004;Zürich;Zürich;Schweiz;;Badenerstrasse 15;;8004;Zürich;Zürich;Schweiz;;;;;;deutsch;043 488 43 43;;;;661900;Sonstige mit Finanzdienstleistungen verbundene Tätigkeiten;;;;;;6611;Mit dem Kreditgewerbe verbundene Tätigkeiten;Der Gesellschaftszweck ist das Erbringen von Dienstleistungen im Bereich lnvestmentforschung, Analyse und Due Diligence. Die Gesellschaft agiert nicht als Finanzintermediär, nimmt keine Einlagen entgegen und verwahrt keine Wertpapiere in ihrem Namen für;;;;Gesellschaft mit beschränkter Haftung;keine Filiale;20171228;2017;3;;20000.00;20000.00;;;;;;;;;;;;;;;;;;;;;;;;;;;;;;;;;;;;;;;;;;;;;;;;;Herr;;Damjan;Cosic;Geschäftsführer/in;;;;;;;;;;;;;;;;;;;;;;;;;;;;;;;Brown Legacy Group, LLC;Wilmington;US;;Brown Legacy Group, LLC;Wilmington;US;;;;;;Einbezahltes Kapital CHF 20'000 - 49'999;Einbezahltes Kapital CHF 20'000 - 49'999;mittleres bis höheres Risiko;32;5000;aktiv;Ist wirtschaftlich aktiv;1;600.00;
480141443;;;Praxis für Neurofeedback;;;Oberer Graben 48;;8400;Winterthur;Zürich;Schweiz;;Oberer Graben 48;;8400;Winterthur;Zürich;Schweiz;;;;;;deutsch;052 202 83 85;;;;869001;Psychotherapie und Psychologie;;;;;;8049;Heilpraktiker;;;;;Einzelfirma;keine Filiale;;;1;;;;;;;;;;;;;;;;;;;;;;;;;;;;;;;;;;;;;;;;;;;;;;;;;;;;;;Corinna;Wolf;Geschäftsführer;;;;;;;;;;;;;;;;;;;;;;;;;;;;;;;;;;;;;;;;;;;Die finanziellen Mittel sind unbekannt;Die finanziellen Mittel sind unbekannt;geringes bis mittleres Risiko;57;5000;aktiv;;;;
480021987;CH02040524491;CHE-417.546.657;Freewing Europe GmbH;;;Neugutstrasse 88;;8600;Dübendorf;Zürich;Schweiz;;Neugutstrasse 88;;8600;Dübendorf;Zürich;Schweiz;;;;;;deutsch;052 355 22 40;;;;476500;Detailhandel mit Spielwaren;;;;;;5945;Einzelhandel mit Spielwaren;Die Gesellschaft bezweckt den Handel mit Waren aller Art, im Speziellen mit RC Modellflugzeugen und RC Komponenten in der Schweiz und im Ausland. Die Gesellschaft kann Zweigniederlassungen und Tochtergesellschaften im In- und Ausland errichten und sich an;;;;Gesellschaft mit beschränkter Haftung;keine Filiale;20140408;2014;3;;21000.00;21000.00;;;;;;;;;;;;;;;;;;;;;;;;;;;;;;;;;;;;;;;;;;;;;;;;;Herr;;Noël;Boller;Geschäftsführer/in;;;;;;;;;;;;;;;;;;;;;;;;;;;;;;;;;;;;;;;;;;;Einbezahltes Kapital CHF 20'000 - 49'999;Einbezahltes Kapital CHF 20'000 - 49'999;geringes bis mittleres Risiko;54;5000;aktiv;;;;
480292265;;;Doris Marti Autogen-Plus;;;Schaffhauserstrasse 315;;8050;Zürich;Zürich;Schweiz;;Schaffhauserstrasse 315;;8050;Zürich;Zürich;Schweiz;;;;;;deutsch;044 318 80 08;;;http://www.autogen-plus.ch;869005;Sonstige Aktivitäten der nicht-ärztlichen Medizinalberufe;;;;;;8049;Heilpraktiker;;;;;Einzelfirma;keine Filiale;;;5;;;;;;;31-12-2017 00:00:00;CHF;44800.00;;;;;;;;;;;;;;;;;;;;;;;;;;;;;;;;;;;;;;;;;;;Frau;;Doris;Marti;Geschäftsführer;;;;;;;;;;;;;;;;;;;;;;;;;;;;;;;;;;;;;;;;;;;Die finanziellen Mittel sind unbekannt;Die finanziellen Mittel sind unbekannt;geringes bis mittleres Risiko;62;15000;aktiv;;;;
480304758;CH02020081738;CHE-350.573.593;Lagoda & Wyrwich-Gryga KlG;;;Voisin-Strasse 2;;8152;Glattpark (Opfikon);Zürich;Schweiz;;Voisin-Strasse 2;;8152;Glattpark (Opfikon);Zürich;Schweiz;;;;;;deutsch;;;;;479100;Versand- und Internet-Detailhandel;;;;;;5961;Versandhaus;Online Shop mit Haushaltsartikeln. Gross- und Detailhandel.;;;;Kollektivgesellschaft;keine Filiale;20181109;2018;3;;;;;;;;;;;;;;;;;;;;;;;;;;;;;;;;;;;;;;;;;;;;;;;;;;;;Frau;;Aleksandra Monika;Wyrwich;Gesellschafter/in;;;;;;;;;;;;;;;;;;;;;;;;;;;;;;;;;;;;;;;;;;;Die finanziellen Mittel sind unbekannt;Die finanziellen Mittel sind unbekannt;geringes bis mittleres Risiko;52;;aktiv;;;;
485919646;CH02040445267;CHE-133.799.681;KingCost GmbH;;;Freihofstrasse 20;;8700;Küsnacht ZH;Zürich;Schweiz;;Freihofstrasse 20;;8700;Küsnacht ZH;Zürich;Schweiz;;;;;;deutsch;044 910 42 08;;044 912 06 36;http://www.kingcost.ch;620100;Programmierungstätigkeiten;;;;;;7372;Computerprogrammierung, Erstellung von Software;Die Gesellschaft bezweckt die Herstellung und den Vertrieb spezifischer Computerprogramme (Software) im Zusammenhang mit Herstellungskosten und Offertenmanagement im Maschinenbau. Die Programme ermöglichen die Berechnung der Herstellkosten für industrie;;;;Gesellschaft mit beschränkter Haftung;keine Filiale;20110311;2011;3;;20000.00;20000.00;;;;31-12-2012 00:00:00;CHF;260000.00;;;;;;;;;;;;;;;;;;;;;;;;;;;;;;;;;;;;;;;;;;;Herr;;Lukas;Kunz;Geschäftsführer/in;;;;;;;;;;;;;;;;;;;;;;;;;;;;;;;;;;;;;;;;;;;Einbezahltes Kapital CHF 20'000 - 49'999;Einbezahltes Kapital CHF 20'000 - 49'999;geringes bis mittleres Risiko;72;15000;aktiv;;;;
484929463;;CHE-107.318.099;Markus Nägeli;Mäge Motos;;Bärchistrasse 3;;8460;Marthalen;Zürich;Schweiz;;Bärchistrasse 3;;8460;Marthalen;Zürich;Schweiz;;;;;;deutsch;052 319 21 01;;052 319 29 11;http://www.maegemotos.ch;454000;"Handel mit Motorrädern, Kraftradteilen und -zubehör; Instandhaltung und Reparatur von Motorrädern";;;;;;5571;Handel mit Motorrädern;;;;;Einzelfirma;keine Filiale;;2008;3;;;;;;;31-12-2016 00:00:00;CHF;1050000.00;;;;;;;;;;;;;;;;;;;;;;;;;;;;;;;;;;;;;;;;;;;Herr;;Markus;Nägeli;Geschäftsführer;Herr;;Markus;Nägeli;Leiter Finanz-/Rechnungswesen;Herr;;Markus;Nägeli;Leiter EDV;Herr;;Markus;Nägeli;Leiter Marketing;Herr;;Markus;Nägeli;Leiter Einkauf;Herr;;Markus;Nägeli;Verkaufsleiter;;;;;;;;;;;;;;;;;;Die finanziellen Mittel sind unbekannt;Die finanziellen Mittel sind unbekannt;geringes bis mittleres Risiko;48;30000;aktiv;Ist wirtschaftlich aktiv;4;1250.00;
480215589;;;Stadtpolizei;;;Dorfstrasse 56;;8302;Kloten;Zürich;Schweiz;;Dorfstrasse 56;;8302;Kloten;Zürich;Schweiz;;;;;;deutsch;044 815 14 51;;;;842400;Öffentliche Sicherheit und Ordnung;;;;;;9221;Polizei;;;;;Öffentlich-rechtliche Institution;keine Filiale;;;1;;;;;;;;;;;;;;;;;;;;;;;;;;;;;;;;;;;;;;;;;;;;;;;;;;;;;;;;;;;;;;;;;;;;;;;;;;;;;;;;;;;;;;;;;;;;;;;;;;;Eigenkapital CHF 1'800'000 - 3'499'999;Eigenkapital CHF 1'800'000 - 3'499'999;kein bis sehr geringes Risiko;100;100000;aktiv;Ist wirtschaftlich aktiv;3;350.00;
480142998;CH02030435955;CHE-288.053.373;Circuitt AG;;;Niederdorfstrasse 61;;8001;Zürich;Zürich;Schweiz;;Niederdorfstrasse 61;;8001;Zürich;Zürich;Schweiz;;;;;;deutsch;044 501 58 88;;;http://www.circuitt.com;620100;Programmierungstätigkeiten;;;;;;7372;Computerprogrammierung, Erstellung von Software;Zweck der Gesellschaft ist die Entwicklung, Projektierung und der Betrieb von Telekommunikations- und Informatiklösungen, sowie das Anbieten von Dienstleistungen und Produkten aller Art im Technologie Bereich im In- und Ausland. Die Gesellschaft kann Zwe;;;;Aktiengesellschaft;keine Filiale;20160722;2016;3;;200000.00;200000.00;200;Inhaberaktien;1000;;;;;;;;;;;;;;;;;;;;;;;;;;;;;;;;;;;;;;;;;;;;;;Herr;;Remo Silvan;Lenzhofer;Mitglied;;;;;;;;;;;;;;;;;;;;;;;;;;;;;;;;;;;;;;;;;;;Einbezahltes Kapital CHF 180'000 - 249'999;Einbezahltes Kapital CHF 180'000 - 249'999;mittleres bis höheres Risiko;26;25000;aktiv;;;;
480219798;CH02040634030;CHE-330.720.158;The AI Company GmbH;;;Peter-Debye-Weg 13;;8049;Zürich;Zürich;Schweiz;;Peter-Debye-Weg 13;;8049;Zürich;Zürich;Schweiz;;;;;;deutsch;;;;;620900;Erbringung von sonstigen Dienstleistungen der Informationstechnologie;;;;;;7374;Datenverarbeitungsdienst, EDV-Dienstleistungen;Erbringung von Informatikdienstleistungen. Die Gesellschaft kann Zweigniederlassungen in der Schweiz und im Ausland errichten, sich an anderen Unternehmungen des ln- und des Auslandes beteiligen, gleichartige oder verwandte Unternehmen erwerben oder sich;;;;Gesellschaft mit beschränkter Haftung;keine Filiale;20171222;2017;3;;20000.00;20000.00;;;;;;;;;;;;;;;;;;;;;;;;;;;;;;;;;;;;;;;;;;;;;;;;;Herr;;Aydin Kemal David;Yeniçelik;Geschäftsführer/in;;;;;;;;;;;;;;;;;;;;;;;;;;;;;;;;;;;;;;;;;;;Einbezahltes Kapital CHF 20'000 - 49'999;Einbezahltes Kapital CHF 20'000 - 49'999;mittleres bis höheres Risiko;16;5000;aktiv;;;;
480467535;CH02010841874;CHE-486.326.302;Vom Goldacker;;;Tödiweg 10;;8802;Kilchberg ZH;Zürich;Schweiz;;Tödiweg 10;;8802;Kilchberg ZH;Zürich;Schweiz;;;;;;deutsch;041 610 22 38;;;;204200;Herstellung von Körperpflegemitteln und Duftstoffen;;;;;;2844;Herstellung von Kosmetika, Parfum, Toilettartikel;Produktion von Cremes, Lotionen und weiteren Hautpflegeprodukten sowie deren Absatz.;;;;Einzelfirma;keine Filiale;20200604;2020;1;;;;;;;;;;;;;;;;;;;;;;;;;;;;;;;;;;;;;;;;;;;;;;;;;;;;Frau;;Iris;Goldacker;Geschäftsführer;;;;;;;;;;;;;;;;;;;;;;;;;;;;;;;;;;;;;;;;;;;Die finanziellen Mittel sind unbekannt;Die finanziellen Mittel sind unbekannt;mittleres bis höheres Risiko;19;5000;aktiv;;;;
480107238;CH02010720076;CHE-250.310.768;Esposito Bontà Italiane;;;Tösstalstrasse 91;;8496;Steg im Tösstal;Zürich;Schweiz;;Tösstalstrasse 91;;8496;Steg im Tösstal;Zürich;Schweiz;;;;;;deutsch;;;;;463900;Grosshandel mit Nahrungs- und Genussmitteln, Getränken und Tabakwaren, ohne ausgeprägten Schwerpunkt;;;;;;5149;Grosshandel mit Kolonialwaren etc. (sonstige);Import von Lebensmittel und Weine.;;;;Einzelfirma;keine Filiale;20151119;2015;5;;;;;;;;;;;;;;;;;;;;;;;;;;;;;;;;;;;;;;;;;;;;;;;;;;;;Herr;;Jonathan;Esposito;Geschäftsführer;;;;;;;;;;;;;;;;;;;;;;;;;;;;;;;;;;;;;;;;;;;Die finanziellen Mittel sind unbekannt;Die finanziellen Mittel sind unbekannt;geringes bis mittleres Risiko;59;20000;aktiv;Ist wirtschaftlich aktiv;2;250.00;
480048959;CH02040537404;CHE-299.623.145;Murat Tokay Hair Salon GmbH;;;Seestrasse 69;;8002;Zürich;Zürich;Schweiz;;Seestrasse 69;;8002;Zürich;Zürich;Schweiz;;;;;;deutsch;043 222 48 22;;;;960201;Coiffeursalons;;;;;;7241;Friseurgeschäft;Die Gesellschaft bezweckt den Betrieb eines Coiffeur-Salons für Damen und Herren und bietet damit zusammenhängende Dienstleistungen an sowie den Kauf und Verkauf von Produkten der kosmetischen Branchen. Die Gesellschaft kann mit Waren aller Art handeln.;;;;Gesellschaft mit beschränkter Haftung;keine Filiale;20141001;2014;5;;20000.00;20000.00;;;;31-12-2016 00:00:00;CHF;970000.00;;;;;;;;;;;;;;;;;;;;;;;;;;;;;;;;;;;;;;;;;;;Herr;;Murat Mustafa;Tokay;Geschäftsführer/in;;;;;;;;;;;;;;;;;;;;;;;;;;;;;;;;;;;;;;;;;;;Einbezahltes Kapital CHF 20'000 - 49'999;Einbezahltes Kapital CHF 20'000 - 49'999;geringes bis mittleres Risiko;79;25000;aktiv;Ist wirtschaftlich aktiv;3;500.00;78
480016449;CH02030403140;CHE-476.638.697;Fäh Holding AG;;Patrick Fäh;Sanatoriumstrasse 54;;8636;Wald ZH;Zürich;Schweiz;Patrick Fäh;Sanatoriumstrasse 54;;8636;Wald ZH;Zürich;Schweiz;;;;;;deutsch;055 246 58 59;;;;642002;Andere Holdinggesellschaften;;;;;;6722;Investmentgesellschaft;Die Gesellschaft bezweckt den Erwerb, die dauernde Verwaltung und die Veräusserung von Beteiligungen an in- und ausländischen Unternehmen aller Art, im Besonderen auf dem Gebiet des bau nahen Leistungserstellung, des Handels und der Dienstleistungen. Si;;;;Aktiengesellschaft;keine Filiale;20140304;2014;1;;100000.00;100000.00;100;Namenaktien;1000;;;;;;;;;;;;;;;;;;;;;;;;;;;;;;;;;;;;;;;;;;;;;;Herr;;Patrick;Fäh;Geschäftsführer;;;;;;;;;;;;;;;;;;;;;;;;;;;;;;;;;;;;;;;;;;;Einbezahltes Kapital CHF 90'000 - 179'999;Einbezahltes Kapital CHF 90'000 - 179'999;mittleres bis höheres Risiko;36;15000;aktiv;;;;
480169741;CH02040607514;CHE-161.413.231;myserce GmbH;;;Eigenackerstrasse 52;;8193;Eglisau;Zürich;Schweiz;;Eigenackerstrasse 52;;8193;Eglisau;Zürich;Schweiz;;;;;;deutsch;;;;;702100;Public-Relations-Beratung;702200;;;;;7392;Unternehmensberatung und Public Relations;Erbringung von Dienstleistungen in den Bereichen Marketing, Public Relations und Kommunikation, insbesondere in den Bereichen Digital Marketing, Social Media und lnfluencer Marketing sowie in den Bereichen Personalentwicklung, Weiterbildung und Unternehme;;;;Gesellschaft mit beschränkter Haftung;keine Filiale;20170215;2017;3;;20000.00;20000.00;;;;;;;;;;;;;;;;;;;;;;;;;;;;;;;;;;;;;;;;;;;;;;;;;Frau;;Justyna Lucja;Grund;Vorsitzende/r der Geschäftsführung;;;;;;;;;;;;;;;;;;;;;;;;;;;;;;;;;;;;;;;;;;;Einbezahltes Kapital CHF 20'000 - 49'999;Einbezahltes Kapital CHF 20'000 - 49'999;mittleres bis höheres Risiko;20;10000;aktiv;;;;
482606345;CH02030276357;CHE-110.607.753;Auditax Partner AG;;;Bederstrasse 66;;8002;Zürich;Zürich;Schweiz;;Bederstrasse 66;;8002;Zürich;Zürich;Schweiz;;;;;;deutsch;043 366 78 00;;043 366 78 09;http://www.auditaxpartner.ch;692000;"Wirtschaftsprüfung und Steuerberatung; Buchführung; Treuhandgesellschaften";;;;;;8931;Dienstleistung im Bereich Rechnungswesen, Revision, Buchhaltung, Treuhand;Die Gesellschaft bezweckt die Durchführung aller Geschäfte einer Treuhandgesellschaft, insbesondere Steuer- und Wirtschaftsberatung von Geschäftsbetrieben aller Art, Revisionen, Führung von Buchhaltungen, Gründungen und Vermögensverwaltungen. Die Ge;;;;Aktiengesellschaft;keine Filiale;20040413;2004;5;;100000.00;100000.00;100;Inhaberaktien;1000;31-12-2016 00:00:00;CHF;780000.00;;;;;;;;;;;;;;;;;;;;;;;;;;;;;;;;;;;;;;;;;;;Herr;;Ralph;Manser;Präsident/in;;;;;;;;;;;;;;;;;;;;;;;;;;;;;;;;;;;;;;;;;;;Einbezahltes Kapital CHF 90'000 - 179'999;Einbezahltes Kapital CHF 90'000 - 179'999;geringes bis mittleres Risiko;85;25000;aktiv;Ist wirtschaftlich aktiv;27;5900.00;80
481823404;CH02040249274;CHE-109.499.385;AMH Treuhand GmbH;;;Friedhofstrasse 12;;8340;Hinwil;Zürich;Schweiz;;Friedhofstrasse 12;;8340;Hinwil;Zürich;Schweiz;;;;;;deutsch;055 260 24 00;;055 260 24 01;http://www.amh-treuhand.ch;692000;"Wirtschaftsprüfung und Steuerberatung; Buchführung; Treuhandgesellschaften";;;;;;8931;Dienstleistung im Bereich Rechnungswesen, Revision, Buchhaltung, Treuhand;Die Gesellschaft bezweckt die Erbringung von Dienstleistungen, namentlich Treuhandfunkti­onen und Revisionsmandate, die Beratung in Wirtschaftsfragen, Unternehmensführung und Verwaltungsangelegenheiten. Die Gesellschaft bezweckt ferner den Erwerb und di;;;;Gesellschaft mit beschränkter Haftung;keine Filiale;20020411;2002;6;;20000.00;20000.00;;;;31-12-2010 00:00:00;CHF;560000.00;;;;;;;;;;;;;;;;;;;;;;;;;;;;;;;;;;;;;;;;;;;Frau;;Michèle;Hefti;Vorsitzende/r der Geschäftsführung;;;;;;;;;;;;;;;;;;;;;;;;;;;;;;;;;;;;;;;;;;;Einbezahltes Kapital CHF 20'000 - 49'999;Einbezahltes Kapital CHF 20'000 - 49'999;geringes bis mittleres Risiko;81;20000;aktiv;Ist wirtschaftlich aktiv;41;22950.00;89
480150704;CH02010741379;CHE-445.713.920;Je - da Milosevic;;;Freiestrasse 49;;8952;Schlieren;Zürich;Schweiz;;Freiestrasse 49;;8952;Schlieren;Zürich;Schweiz;;;;;;deutsch;044 730 15 77;;;;493200;Betrieb von Taxis;;;;;;4121;Taxibetrieb;Führen eines Taxiunternehmens.;;;;Einzelfirma;keine Filiale;20160929;2016;2;;;;;;;;;;;;;;;;;;;;;;;;;;;;;;;;;;;;;;;;;;;;;;;;;;;;Herr;;Jevrem;Milosevic;Geschäftsführer;;;;;;;;;;;;;;;;;;;;;;;;;;;;;;;;;;;;;;;;;;;Die finanziellen Mittel sind unbekannt;Die finanziellen Mittel sind unbekannt;mittleres bis höheres Risiko;25;5000;aktiv;;;;
480294998;;;Anita Heeb Konturpunkt;;;Seuzacherstrasse 7b;;8400;Winterthur;Zürich;Schweiz;;Seuzacherstrasse 7b;;8400;Winterthur;Zürich;Schweiz;;;;;;deutsch;;079 292 66 18;;http://www.konturpunkt.ch;433401;Malerei;;;;;;1721;Durchführung von Maler-, Tapezier- und Dekorationsarbeiten;;;;;Einzelfirma;keine Filiale;;;4;;;;;;;31-12-2017 00:00:00;CHF;525000.00;;;;;;;;;;;;;;;;;;;;;;;;;;;;;;;;;;;;;;;;;;;Frau;;Anita;Heeb;Geschäftsführer;;;;;;;;;;;;;;;;;;;;;;;;;;;;;;;;;;;;;;;;;;;Die finanziellen Mittel sind unbekannt;Die finanziellen Mittel sind unbekannt;mittleres bis höheres Risiko;33;10000;aktiv;;;;
480503348;CH02070023943;CHE-464.933.468;Familie Denzler-Stiftung;;Felix Hess;Zentralstrasse 26;;8610;Uster;Zürich;Schweiz;Felix Hess;Zentralstrasse 26;;8610;Uster;Zürich;Schweiz;;;;;;deutsch;;;;;889901;Organisationen der Wohlfahrtspflege;;;;;;8699;Gemeinnützige Vereinigung (sonstige);Die Stiftung bezweckt die Unterstützung von gemeinnützigen und öffentlichen Institutionen, nämlich: a) die Heilsarmee, Nationales Hauptquartier, Laupenstrasse 5, 3001 Bern, zugunsten bedürftige Menschen in der Schweiz, b) die Alzheimer - Vereinigung,;;;;Stiftung;keine Filiale;20201223;2020;;;;;;;;;;;;;;;;;;;;;;;;;;;;;;;;;;;;;;;;;;;;;;;;;;;;;Herr;;Felix P.;Hess;Präsident/in;;;;;;;;;;;;;;;;;;;;;;;;;;;;;;;;;;;;;;;;;SRG Schweizerische Revisionsgesellschaft AG;Zürich;Die finanziellen Mittel sind unbekannt;Die finanziellen Mittel sind unbekannt;zuwenig verfügbare Angaben;;;aktiv;;;;
480750970;CH02040201111;CHE-105.149.590;CharterBörse GmbH;;;Josefstrasse 110;;8005;Zürich;Zürich;Schweiz;;Josefstrasse 110;;8005;Zürich;Zürich;Schweiz;;;;;;deutsch;044 364 00 00;;044 363 36 43;http://www.blue-moon.ch;791100;Reisebüros;;;;;;4722;Betrieb eines Reisebüros, Passagiertransporte;Gegenstand des Unternehmens der Gesellschaft ist das Betreiben eines Reisebüros mit Beratungen und Dienstleistungen auf dem Gebiet der Reiseveranstaltungen, der Organisation und Durchführung von Reisen sowie das Betreiben eines Ladenlokales im Detailhan;Importiert Güter;;;Gesellschaft mit beschränkter Haftung;keine Filiale;19990609;1999;4;;70000.00;70000.00;;;;31-12-2016 00:00:00;CHF;3670000.00;;;;;;;;;;;;;;;;;;;;;;;;;;;;;;;;;;;;;;;;;;;Herr;;Gerald;Pischel;Geschäftsführer/in;Herr;;Gerald;Pischel;Leiter Finanz-/Rechnungswesen;Herr;;Gerald;Pischel;Leiter EDV;Herr;;Gerald;Pischel;Leiter Marketing;Herr;;Gerald;Pischel;Leiter Einkauf;;;;;;;;;;;;;;;;;;04840;CREDIT SUISSE;8021 Zürich;;;Einbezahltes Kapital CHF 50'000 - 89'999;Einbezahltes Kapital CHF 50'000 - 89'999;geringes bis mittleres Risiko;79;60000;aktiv;Ist wirtschaftlich aktiv;15;2000.00;83
484619668;;CHE-114.921.792;Kläranlage Zumikon;;;Dorfstrasse;;8126;Zumikon;Zürich;Schweiz;;Dorfstrasse;;8126;Zumikon;Zürich;Schweiz;;;;;;deutsch;044 918 08 05;;;;812900;Reinigung a. n. g.;;;;;;4952;Reinigung von Abwassersystemen;;;;;Öffentlich-rechtliche Institution;keine Filiale;;2008;1;;;;;;;;;;;;;;;;;;;;;;;;;;;;;;;;;;;;;;;;;;;;;;;;;;;;;;;;;;;;;;;;;;;;;;;;;;;;;;;;;;;;;;;;;;;;;;;;;;;Eigenkapital CHF 1'800'000 - 3'499'999;Eigenkapital CHF 1'800'000 - 3'499'999;kein bis sehr geringes Risiko;100;100000;aktiv;Ist wirtschaftlich aktiv;3;5050.00;
485712319;;;Alfred Hog;;;Storchengasse 2;;8037;Zürich;Zürich;Schweiz;;Storchengasse 2;;8037;Zürich;Zürich;Schweiz;;;;;;deutsch;;;;;683100;Vermittlung von Grundstücken, Gebäuden und Wohnungen für Dritte;683200;;;;;6531;Immobilienmakler und -verwaltungen;;;;;Einzelfirma;keine Filiale;;2009;2;;;;;;;31-12-2016 00:00:00;CHF;240000.00;;;;;;;;;;;;;;;;;;;;;;;;;;;;;;;;;;;;;;;;;;;Herr;;Alfred A.;Hog;Geschäftsführer;Herr;;Alfred A.;Hog;Leiter Finanz-/Rechnungswesen;Herr;;Alfred A.;Hog;Leiter EDV;Herr;;Alfred A.;Hog;Leiter Marketing;Herr;;Alfred A.;Hog;Leiter Einkauf;Herr;;Alfred A.;Hog;Verkaufsleiter;;;;;;;;;;;;;;;;;;Die finanziellen Mittel sind unbekannt;Die finanziellen Mittel sind unbekannt;mittleres bis höheres Risiko;43;5000;aktiv;;;;
480275810;;;Eva Ingold Ehrismann Physiotherapie;;;Seestrasse 195;;8712;Stäfa;Zürich;Schweiz;;Seestrasse 195;;8712;Stäfa;Zürich;Schweiz;;;;;;deutsch;044 926 78 38;;;http://www.physio-ingold.ch;869002;Physiotherapie;;;;;;8049;Heilpraktiker;;;;;Einzelfirma;keine Filiale;;;3;;;;;;;31-12-2017 00:00:00;CHF;26800.00;;;;;;;;;;;;;;;;;;;;;;;;;;;;;;;;;;;;;;;;;;;Frau;;Eva;Ingold Ehrismann;Geschäftsführer;;;;;;;;;;;;;;;;;;;;;;;;;;;;;;;;;;;;;;;;;;;Die finanziellen Mittel sind unbekannt;Die finanziellen Mittel sind unbekannt;geringes bis mittleres Risiko;70;10000;aktiv;;;;
480279853;;;Spielgruppe Kinderatelier;;;Stallikerstrasse 4;;8906;Bonstetten;Zürich;Schweiz;;Stallikerstrasse 4;;8906;Bonstetten;Zürich;Schweiz;;;;;;deutsch;;079 338 14 11;;http://www.kinderatelier-bonstetten.ch;889100;Tagesbetreuung von Kindern;;;;;;8351;Kindertagesstätte;;;;;Verein;keine Filiale;;;5;;;;;;;31-12-2017 00:00:00;CHF;30000.00;;;;;;;;;;;;;;;;;;;;;;;;;;;;;;;;;;;;;;;;;;;;;;;;;;;;;;;;;;;;;;;;;;;;;;;;;;;;;;;;;;;;;;;;;;Die finanziellen Mittel sind unbekannt;Die finanziellen Mittel sind unbekannt;zuwenig verfügbare Angaben;;;aktiv;;;;
486281918;;CHE-111.136.733;Rolf Fehr;;;Rhyhof 738;;8416;Flaach;Zürich;Schweiz;;Rhyhof 738;;8416;Flaach;Zürich;Schweiz;;;;;;deutsch;052 318 13 29;079 632 22 80;052 301 32 82;;015000;Gemischte Landwirtschaft;;;;;;0191;Landwirtschaftsunternehmen;;;;;Einzelfirma;keine Filiale;;2009;2;;;;;;;;;;;;;;;;;;;;;;;;;;;;;;;;;;;;;;;;;;;;;;;;;;;;Herr;;Rolf;Fehr;Geschäftsführer;Herr;;Rolf;Fehr;Leiter Finanz-/Rechnungswesen;Herr;;Rolf;Fehr;Leiter EDV;Herr;;Rolf;Fehr;Leiter Marketing;Herr;;Rolf;Fehr;Leiter Einkauf;Herr;;Rolf;Fehr;Verkaufsleiter;;;;;;;;;;;;;;;;;;Die finanziellen Mittel sind unbekannt;Die finanziellen Mittel sind unbekannt;geringes bis mittleres Risiko;75;10000;aktiv;Ist wirtschaftlich aktiv;6;5800.00;87
487060969;CH03660579226;CHE-474.915.029;Cleantech Agentur Schweiz;;act Cleantech Agentur Schweiz AG;Mühlegasse 29;;8001;Zürich;Zürich;Schweiz;act Cleantech Agentur Schweiz AG;Mühlegasse 29;;8001;Zürich;Zürich;Schweiz;;;;;;deutsch;;;;;949904;Sonstige Interessenvertretungen und Vereinigungen a. n. g.;;;;;;8641;Zivil-, Sozial- und sonstiger Verein;Der Verein bezweckt die Förderung der Ressourceneffizienz bei Firmen und Institutionen. Es sollen Dritte unterstützt werden, sich zu einem nachhaltigen Wirtschaften hin zu entwickeln. Diesen Zweck erfüllt der Verein dadurch, dass er unter anderem: eine;;;;Verein;keine Filiale;20130816;2013;1;;;;;;;;;;;;;;;;;;;;;;;;;;;;;;;;;;;;;;;;;;;;;;;;;;;;Herr;;Andreas;Rothen;Geschäftsführer/in;;;;;;;;;;;;;;;;;;;;;;;;;;;;;;;;;;;;;;;;;;;Die finanziellen Mittel sind unbekannt;Die finanziellen Mittel sind unbekannt;zuwenig verfügbare Angaben;;;aktiv;;;;
480146530;CH02040593577;CHE-178.434.477;Gloo Boulevard GmbH;;;Bächlerweg 19;;8802;Kilchberg ZH;Zürich;Schweiz;;Bächlerweg 19;;8802;Kilchberg ZH;Zürich;Schweiz;;;;;;deutsch;044 715 07 43;;;;620900;Erbringung von sonstigen Dienstleistungen der Informationstechnologie;;;;;;7374;Datenverarbeitungsdienst, EDV-Dienstleistungen;Die Gesellschaft bezweckt die Erbringung von Dienstleistungen im Bereich der Informationstechnologie sowie die Entwicklung, Herstellung, den Betrieb und Verkauf von Software, Webapplikationen und Lösungen für die mobile Telekommunikation. Die Gesellscha;;;;Gesellschaft mit beschränkter Haftung;keine Filiale;20160825;2016;3;;21000.00;21000.00;;;;;;;;;;;;;;;;;;;;;;;;;;;;;;;;;;;;;;;;;;;;;;;;;Herr;;Gianni;Biason;Vorsitzende/r der Geschäftsführung;;;;;;;;;;;;;;;;;;;;;;;;;;;;;;;;;;;;;;;;;;;Einbezahltes Kapital CHF 20'000 - 49'999;Einbezahltes Kapital CHF 20'000 - 49'999;mittleres bis höheres Risiko;26;5000;aktiv;;;;
487134780;;;Lorentz Schmidt Partner;;;Weinbergstrasse 29;;8006;Zürich;Zürich;Schweiz;;Weinbergstrasse 29;;8006;Zürich;Zürich;Schweiz;;;;;;deutsch;;;;http://www.rehaanwaelte.ch;691001;Advokatur-, Notariatsbüros;;;;;;8111;Juristische Dienstleistungen;;;;;Einzelfirma;keine Filiale;;;3;;;;;;;31-12-2019 00:00:00;CHF;382000.00;;;;;;;;;;;;;;;;;;;;;;;;;;;;;;;;;;;;;;;;;;;Herr;;Hans;Schmidt;Geschäftsführer;;;;;;;;;;;;;;;;;;;;;;;;;;;;;;;;;;;;;;;;;;;Die finanziellen Mittel sind unbekannt;Die finanziellen Mittel sind unbekannt;geringes bis mittleres Risiko;70;15000;aktiv;Ist wirtschaftlich aktiv;15;5600.00;79
480475401;CH02040711648;CHE-181.200.388;Daniel Stolz HR Consulting GmbH;;;Im Schründler 30;;8352;Elsau;Zürich;Schweiz;;Im Schründler 30;;8352;Elsau;Zürich;Schweiz;;;;;;deutsch;;;;;702200;Unternehmensberatung;;;;;;7392;Unternehmensberatung und Public Relations;Die Gesellschaft bezweckt die Erbringung von Dienstleistungen in den Bereichen Interim Management, HR Consulting, Change Management, HR Project Management, digitaler Transformation, Leadership Coaching & Training, Rekrutierung und HR Services. Die Gesells;;;;Gesellschaft mit beschränkter Haftung;keine Filiale;20200714;2020;;;20000.00;20000.00;;;;;;;;;;;;;;;;;;;;;;;;;;;;;;;;;;;;;;;;;;;;;;;;;Herr;;Daniel;Stolz;Geschäftsführer/in;;;;;;;;;;;;;;;;;;;;;;;;;;;;;;;;;;;;;;;;;;;Einbezahltes Kapital CHF 20'000 - 49'999;Einbezahltes Kapital CHF 20'000 - 49'999;geringes bis mittleres Risiko;65;5000;aktiv;Ist wirtschaftlich aktiv;1;600.00;
486157378;CH02040459486;CHE-156.936.859;Gesuen GmbH;;;Bockhornstrasse 63;;8047;Zürich;Zürich;Schweiz;;Bockhornstrasse 63;;8047;Zürich;Zürich;Schweiz;;;;;;deutsch;044 491 19 82;;;;467600;Grosshandel mit sonstigen Halbwaren;;;;;;5199;Grosshandel mit Verbrauchsgütern aller Art (sonstige);Die Gesellschaft bezweckt den weltweiten Handel mit Basisstoffen von Natur- und Synthetikprodukten, welche zur Herstellung von Teil-, Halb- und Fertigfabrikaten der Reinigungs-, Kosmetik- und Malindustrie verwendet werden. Die Gesellschaft kann Zweigniede;;;;Gesellschaft mit beschränkter Haftung;keine Filiale;20111010;2011;1;;20000.00;20000.00;;;;31-12-2016 00:00:00;CHF;405000.00;;;;;;;;;;;;;;;;;;;;;;;;;;;;;;;;;;;;;;;;;;;Herr;;Alfons Rainer;Gschwend;Geschäftsführer/in;;;;;;;;;;;;;;;;;;;;;;;;;;;;;;;;;;;;;;;;;;;Einbezahltes Kapital CHF 20'000 - 49'999;Einbezahltes Kapital CHF 20'000 - 49'999;mittleres bis höheres Risiko;37;5000;aktiv;;;;
480016252;CH02030403127;CHE-150.879.996;MoMa Gastro AG;;;Europa-Strasse 19a;;8152;Glattbrugg;Zürich;Schweiz;;Europa-Strasse 19a;;8152;Glattbrugg;Zürich;Schweiz;;;;;;deutsch;044 810 14 14;;;;561001;Restaurants, Imbissstuben, Tea-Rooms und Gelaterias;;;;;;5812;Speise-Restaurantbetrieb;Die Gesellschaft bezweckt die Führung eines Restaurant- und Gastrobetriebs an der Feldeggstrasse 2 in Glattbrugg. Die Gesellschaft kann Zweigniederlassungen und Tochtergesellschaften im ln- und Ausland errichten und sich an anderen Unternehmen im In- und;;;;Aktiengesellschaft;keine Filiale;20140303;2014;3;;100000.00;100000.00;100;Namenaktien;1000;;;;;;;;;;;;;;;;;;;;;;;;;;;;;;;;;;;;;;;;;;;;;;Herr;;Zsolt;Piller;Mitglied;;;;;;;;;;;;;;;;;;;;;;;;;;;;;;;;;;;;;;;;;;;Einbezahltes Kapital CHF 90'000 - 179'999;Einbezahltes Kapital CHF 90'000 - 179'999;geringes bis mittleres Risiko;69;10000;aktiv;Ist wirtschaftlich aktiv;18;16950.00;81
484479899;;;Steven Decoster;;;Hardturmstrasse 253;;8005;Zürich;Zürich;Schweiz;;Hardturmstrasse 253;;8005;Zürich;Zürich;Schweiz;;;;;;deutsch;;;;;869005;Sonstige Aktivitäten der nicht-ärztlichen Medizinalberufe;;;;;;8049;Heilpraktiker;;;;;Einzelfirma;keine Filiale;;2007;1;;;;;;;31-12-2016 00:00:00;CHF;145000.00;;;;;;;;;;;;;;;;;;;;;;;;;;;;;;;;;;;;;;;;;;;Herr;;Steven;Decoster;Geschäftsführer;Herr;;Steven;Decoster;Leiter Finanz-/Rechnungswesen;Herr;;Steven;Decoster;Leiter EDV;Herr;;Steven;Decoster;Leiter Marketing;Herr;;Steven;Decoster;Leiter Einkauf;Herr;;Steven;Decoster;Verkaufsleiter;;;;;;;;;;;;;;;;;;Die finanziellen Mittel sind unbekannt;Die finanziellen Mittel sind unbekannt;geringes bis mittleres Risiko;70;10000;aktiv;Ist wirtschaftlich aktiv;1;200.00;
483842741;;;Schulhaus;;;;;8495;Schmidrüti;Zürich;Schweiz;;;;8495;Schmidrüti;Zürich;Schweiz;;;;;;deutsch;052 385 13 25;;;;855904;Sonstiger Unterricht a. n. g.;;;;;;8299;Schule und Ausbildungsstätte (sonstige);;;;;Öffentlich-rechtliche Institution;keine Filiale;;;1;;;;;;;;;;;;;;;;;;;;;;;;;;;;;;;;;;;;;;;;;;;;;;;;;;;;;;;;;;;;;;;;;;;;;;;;;;;;;;;;;;;;;;;;;;;;;;;;;;;Eigenkapital CHF 1'800'000 - 3'499'999;Eigenkapital CHF 1'800'000 - 3'499'999;kein bis sehr geringes Risiko;100;100000;aktiv;Ist wirtschaftlich aktiv;1;200.00;
485810464;CH02060014633;CHE-107.498.736;IGW;;;Josefstrasse 206;;8005;Zürich;Zürich;Schweiz;;Josefstrasse 206;;8005;Zürich;Zürich;Schweiz;;;;;;deutsch;044 272 48 08;;044 271 63 60;;949904;Sonstige Interessenvertretungen und Vereinigungen a. n. g.;;;;;;8641;Zivil-, Sozial- und sonstiger Verein;Der Verein bezweckt den Betrieb einer theologischen;;;;Verein;keine Filiale;20101216;2010;2;;;;;;;;;;;;;;;;;;;;;;;;;;;;;;;;;;;;;;;;;;;;;;;;;;;;Herr;;Christian Ernst;Wittwer;Präsident/in;;;;;;;;;;;;;;;;;;;;;;;;;;;;;;;;;;;;;;;;;;;Die finanziellen Mittel sind unbekannt;Die finanziellen Mittel sind unbekannt;zuwenig verfügbare Angaben;;;aktiv;Ist wirtschaftlich aktiv;1;200.00;
487311649;CH02010027856;CHE-107.407.633;Ueli Griss Elektro- und Telefonanlagen;;;Steinacherstrasse 107;;8804;Au ZH;Zürich;Schweiz;;Steinacherstrasse 107;;8804;Au ZH;Zürich;Schweiz;;;;;;deutsch;044 680 14 14;;;http://www.griss.ch;432100;Elektroinstallation;;;;;;1731;Ausführung von Elektroarbeiten;Installationen im Elektro- und Telefonbereich.;;;;Einzelfirma;keine Filiale;19920615;1992;1;;;;;;;31-12-2016 00:00:00;CHF;225000.00;;;;;;;;;;;;;;;;;;;;;;;;;;;;;;;;;;;;;;;;;;;Herr;;Ulrich;Griss;Geschäftsführer;Herr;;Ulrich;Griss;Leiter Finanz-/Rechnungswesen;Herr;;Ulrich;Griss;Leiter EDV;Herr;;Ulrich;Griss;Leiter Marketing;Herr;;Ulrich;Griss;Leiter Einkauf;Herr;;Ulrich;Griss;Verkaufsleiter;;;;;;;;;;;;;00757;Zürcher Kantonalbank;8820 Wädenswil;;;Die finanziellen Mittel sind unbekannt;Die finanziellen Mittel sind unbekannt;geringes bis mittleres Risiko;85;10000;aktiv;Ist wirtschaftlich aktiv;156;40450.00;81
480479972;CH02020086216;CHE-157.026.316;The Man House KLG;;;Hauptstrasse 64a;;8246;Langwiesen;Zürich;Schweiz;;Hauptstrasse 64a;;8246;Langwiesen;Zürich;Schweiz;;;;;;deutsch;;;;;477502;Parfümerien und sonstiger Detailhandel mit kosmetischen Artikeln und Körperpflegemitteln;;;;;;5912;Einzelhandel mit Pharmazeutika, Parfümerieartikeln etc.;Kauf und Verkauf von Waren, insbesondere von Kosmetikartikeln, Pflegeprodukten, Bekleidung und Zubehör für Männer.;;;;Kollektivgesellschaft;keine Filiale;20200811;2020;;;;;;;;;;;;;;;;;;;;;;;;;;;;;;;;;;;;;;;;;;;;;;;;;;;;;Herr;;Göksel;Gülay;Gesellschafter/in;;;;;;;;;;;;;;;;;;;;;;;;;;;;;;;;;;;;;;;;;;;Die finanziellen Mittel sind unbekannt;Die finanziellen Mittel sind unbekannt;geringes bis mittleres Risiko;82;;aktiv;Ist wirtschaftlich aktiv;1;250.00;
480023273;CH02020072270;CHE-314.232.788;Tanzschule La Portena, Aranda & Luck;;;Obere Zäune 20;;8001;Zürich;Zürich;Schweiz;;Obere Zäune 20;;8001;Zürich;Zürich;Schweiz;;;;;;deutsch;;076 334 43 21;;;855200;Kulturunterricht;;;;;;8299;Schule und Ausbildungsstätte (sonstige);Argentinische Tangoschule. Tango Kurse, Tanzabende, Workshops, Aufführungen und Seminare.;;;;Kollektivgesellschaft;keine Filiale;20140414;2013;3;;;;;;;;;;;;;;;;;;;;;;;;;;;;;;;;;;;;;;;;;;;;;;;;;;;;Frau;;Annatina;Luck;Gesellschafter/in;;;;;;;;;;;;;;;;;;;;;;;;;;;;;;;;;;;;;;;;;;;Die finanziellen Mittel sind unbekannt;Die finanziellen Mittel sind unbekannt;kein bis sehr geringes Risiko;93;20000;aktiv;Ist wirtschaftlich aktiv;3;450.00;80
480477919;CH02010846646;CHE-458.034.892;Schuster Onlineshop;;;Martastrasse 116;;8003;Zürich;Zürich;Schweiz;;Martastrasse 116;;8003;Zürich;Zürich;Schweiz;;;;;;deutsch;;;;;479100;Versand- und Internet-Detailhandel;;;;;;5961;Versandhaus;Onlineshop, Verkauf von Warengüter über einen Onlineshop.;;;;Einzelfirma;keine Filiale;20200728;2020;1;;;;;;;;;;;;;;;;;;;;;;;;;;;;;;;;;;;;;;;;;;;;;;;;;;;;Herr;;Mario;Schuster;Geschäftsführer;;;;;;;;;;;;;;;;;;;;;;;;;;;;;;;;;;;;;;;;;;;Die finanziellen Mittel sind unbekannt;Die finanziellen Mittel sind unbekannt;geringes bis mittleres Risiko;60;5000;aktiv;Ist wirtschaftlich aktiv;1;150.00;
480043220;CH02030409466;CHE-172.541.175;Finoris Holding AG;;Finoris Management AG;Gotthardstrasse 56;;8002;Zürich;Zürich;Schweiz;Finoris Management AG;Gotthardstrasse 56;;8002;Zürich;Zürich;Schweiz;;;;;;deutsch;044 515 38 00;;;;642002;Andere Holdinggesellschaften;;;;;;6722;Investmentgesellschaft;Die Gesellschaft bezweckt das Halten und Verwalten von Beteiligungen aller Art. Die Gesellschaft kann Zweigniederlassungen und Tochtergesellschaften im In- und Ausland errichten und sich an anderen Unternehmen im In- und Ausland beteiligen sowie alle Gesc;;;;Aktiengesellschaft;keine Filiale;20140818;2014;1;;800000.00;800000.00;800000;Namenaktien (vinkuliert);1;;;;;;;;;;;;;;;;;;;;;;;;;;;;;;;;;;;;;;;;;;;;;;Herr;;Jean-Marc;Piaz;Geschäftsführer;;;;;;;;;;;;;;;;;;;;;;;;;;;;;;;;;;;;;;;;;;;Einbezahltes Kapital CHF 500'000 - 899'999;Einbezahltes Kapital CHF 500'000 - 899'999;mittleres bis höheres Risiko;38;90000;aktiv;;;;
484564679;CH02010037889;CHE-103.620.613;B FLO ZURICH, Florence Bachofen-Szekely;;;Rebwiesstrasse 34;;8702;Zollikon;Zürich;Schweiz;;Rebwiesstrasse 34;;8702;Zollikon;Zürich;Schweiz;;;;;;deutsch;044 392 28 08;;;http://www.bflozurich.com;475100;Detailhandel mit Textilien;;;;;;5949;Einzelhandel mit Handarbeitsartikeln, Stoffe;Design- Beratung, Entwurf und Vertrieb von Accessoires.;;;;Einzelfirma;keine Filiale;19921230;1992;1;;;;;;;31-12-2016 00:00:00;CHF;225000.00;;;;;;;;;;;;;;;;;;;;;;;;;;;;;;;;;;;;;;;;;;;Frau;;Florence;Szekely;Geschäftsführer;Frau;;Florence;Szekely;Leiter Finanz-/Rechnungswesen;Frau;;Florence;Szekely;Leiter EDV;Frau;;Florence;Szekely;Leiter Marketing;Frau;;Florence;Szekely;Leiter Einkauf;Frau;;Florence;Szekely;Verkaufsleiter;;;;;;;;;;;;;;;;;;Die finanziellen Mittel sind unbekannt;Die finanziellen Mittel sind unbekannt;geringes bis mittleres Risiko;77;10000;aktiv;;;;
480502950;CH02030495798;CHE-313.959.965;Liiva AG;;;Hardturmstrasse 161;Westhive Zürich Hardturm;8005;Zürich;Zürich;Schweiz;;Hardturmstrasse 161;Westhive Zürich Hardturm;8005;Zürich;Zürich;Schweiz;;;;;;deutsch;;;;;631200;Webportale;;;;;;7374;Datenverarbeitungsdienst, EDV-Dienstleistungen;Zweck der Gesellschaft ist die Errichtung, der Betrieb und die Vermarktung einer Wohneigentümerplattform. Die Gesellschaft kann im In- und Ausland Zweigniederlassungen und Tochterunternehmen errichten, Vertretungen übernehmen sowie jegliche Geschäftst�;;;;Aktiengesellschaft;keine Filiale;20201222;2020;;;100000.00;100000.00;100000;Namenaktien (vinkuliert);1;;;;;;;;;;;;;;;;;;;;;;;;;;;;;;;;;;;;;;;;;;;;;;Herr;;Thomas;Trachsler;Präsident/in;;;;;;;;;;;;;;;;;;;;;;;;;;;;;;;;;;;;;;;;;BDO AG;Zürich;Einbezahltes Kapital CHF 90'000 - 179'999;Einbezahltes Kapital CHF 90'000 - 179'999;mittleres bis höheres Risiko;26;15000;aktiv;;;;
480299729;;;Hans-Heinrich Albrecht Sunnehof Lädeli;;;Sunnehof 1;;8113;Boppelsen;Zürich;Schweiz;;Sunnehof 1;;8113;Boppelsen;Zürich;Schweiz;;;;;;deutsch;044 844 45 74;;;http://www.sunnehof-boppelsen.ch;472100;Detailhandel mit Obst, Gemüse und Kartoffeln;;;;;;5431;Einzelhandel mit Obst und Gemüse;;;;;Einzelfirma;keine Filiale;;;2;;;;;;;31-12-2017 00:00:00;CHF;565000.00;;;;;;;;;;;;;;;;;;;;;;;;;;;;;;;;;;;;;;;;;;;Herr;;Hans-Heinrich;Albrecht;Geschäftsführer;;;;;;;;;;;;;;;;;;;;;;;;;;;;;;;;;;;;;;;;;;;Die finanziellen Mittel sind unbekannt;Die finanziellen Mittel sind unbekannt;geringes bis mittleres Risiko;77;15000;aktiv;Ist wirtschaftlich aktiv;4;3950.00;86
485440874;CH02060013503;CHE-115.380.166;Kinderstube Wehntal - Spielgruppe Pinocchio, Mittagstisch, Chinderhüeti;;;Bahnhofstrasse 1;;8165;Schöfflisdorf;Zürich;Schweiz;;Bahnhofstrasse 1;;8165;Schöfflisdorf;Zürich;Schweiz;;;;;;deutsch;043 422 83 20;079 442 19 43;;;889100;Tagesbetreuung von Kindern;;;;;;8351;Kindertagesstätte;Die Kinderstube versteht sich als soziales Erfahrungsfeld für Kinder. Den Kindern soll ermöglicht werden, beim gemeinsamen Tun ihren Tätigkeits- und Erforschungsdrang auszuleben und ihren eigenen Platz in einer Gruppe Gleichaltriger zu finden. Den Kind;;;;Verein;keine Filiale;20100129;2010;1;;;;;;;;;;;;;;;;;;;;;;;;;;;;;;;;;;;;;;;;;;;;;;;;;;;;Frau;;Chantal;von Arx;Geschäftsführer/in;;;;;;;;;;;;;;;;;;;;;;;;;;;;;;;;;;;;;;;;;;;Die finanziellen Mittel sind unbekannt;Die finanziellen Mittel sind unbekannt;zuwenig verfügbare Angaben;;;aktiv;Ist wirtschaftlich aktiv;5;3750.00;80
480444416;CH02010829573;CHE-372.545.033;Bock's LITTLE BIG LOVE;;;Habsburgstrasse 34;;8400;Winterthur;Zürich;Schweiz;;Habsburgstrasse 34;;8400;Winterthur;Zürich;Schweiz;;;;;;deutsch;;;;http://www.littlebiglove.ch;479100;Versand- und Internet-Detailhandel;;;;;;5961;Versandhaus;Angebot von Design, Fertigung sowie den Vertrieb von Textilien und Accessoires.;;;;Einzelfirma;keine Filiale;20200109;2020;1;;;;;;;;;;;;;;;;;;;;;;;;;;;;;;;;;;;;;;;;;;;;;;;;;;;;Frau;;Jelena;Bock;Geschäftsführer;;;;;;;;;;;;;;;;;;;;;;;;;;;;;;;;;;;;;;;;;;;Die finanziellen Mittel sind unbekannt;Die finanziellen Mittel sind unbekannt;geringes bis mittleres Risiko;73;5000;aktiv;Ist wirtschaftlich aktiv;3;300.00;83
480170582;CH02030442861;CHE-478.323.365;Zulli AG;;;Steinackerstrasse 35;;8902;Urdorf;Zürich;Schweiz;;Steinackerstrasse 35;;8902;Urdorf;Zürich;Schweiz;;;;;;deutsch;044 999 11 11;079 911 44 44;;http://www.zulli-ag.ch;433302;Verlegen von Fliesen und Platten;;;;;;1743;Fliesenlegerei, Mosaikarbeiten und Terrazzoverlegung;Die Gesellschaft bezweckt das Verlegen von Wand- und Bodenbelägen sowie Reparaturarbeiten und Handel mit keramischen Materialien, Natur- und Kunststeine. Die Gesellschaft kann Zweigniederlassungen und Tochtergesellschaften im In- und Ausland errichten un;Importiert Güter;;;Aktiengesellschaft;keine Filiale;20170221;2017;3;;100000.00;50000.00;1000;Namenaktien (vinkuliert);100;;;;;;;;;;;;;;;;;;;;;;;;;;;;;;;;;;;;;;;;;;;;;;Herr;;Alen;Zulli;Mitglied;;;;;;;;;;;;;;;;;;;;;;;;;;;;;;;;;;;;;;;;;;;Einbezahltes Kapital CHF 50'000 - 89'999;Einbezahltes Kapital CHF 50'000 - 89'999;kein bis sehr geringes Risiko;89;10000;aktiv;Ist wirtschaftlich aktiv;3;2850.00;
486274942;CH02010626711;CHE-373.604.566;faorolaw, advokatur Faoro;;Franco Faoro, Kämpfen Rechtsanwälte;Gerechtigkeitsgasse 23;;8001;Zürich;Zürich;Schweiz;Franco Faoro, Kämpfen Rechtsanwälte;Gerechtigkeitsgasse 23;;8001;Zürich;Zürich;Schweiz;;;;;;deutsch;043 818 54 00;;;http://www.faorolaw.ch;691001;Advokatur-, Notariatsbüros;;;;;;8111;Juristische Dienstleistungen;Anbieten und Ausführung juristischer Beratungen.;;;;Einzelfirma;keine Filiale;20120109;2012;2;;;;;;;;;;;;;;;;;;;;;;;;;;;;;;;;;;;;;;;;;;;;;;;;;;;;Herr;;Franco;Faoro;Geschäftsführer;Herr;;Franco;Faoro;Leiter Finanz-/Rechnungswesen;Herr;;Franco;Faoro;Leiter EDV;Herr;;Franco;Faoro;Leiter Marketing;Herr;;Franco;Faoro;Leiter Einkauf;Herr;;Franco;Faoro;Verkaufsleiter;;;;;;;;;;;;;;;;;;Die finanziellen Mittel sind unbekannt;Die finanziellen Mittel sind unbekannt;geringes bis mittleres Risiko;71;15000;aktiv;;;;
480104944;CH02030425941;CHE-138.446.965;TSC Consulting AG;;;Obere Hönggerstrsase 5;;8103;Unterengstringen;Zürich;Schweiz;;Obere Hönggerstrsase 5;;8103;Unterengstringen;Zürich;Schweiz;;;;;;deutsch;;;;;702200;Unternehmensberatung;;;;;;7392;Unternehmensberatung und Public Relations;Die Gesellschaft bezweckt die Erbringung von Beratungsdienstleistungen für Unternehmen auf strategischer und operativer Ebene im Bereich Support und Change Management. Die Gesellschaft kann Zweigniederlassungen und Tochtergesellschaften im In- und Auslan;;;;Aktiengesellschaft;keine Filiale;20151103;2015;3;;100000.00;100000.00;10000;Namenaktien;10;;;;;;;;;;;;;;;;;;;;;;;;;;;;;;;;;;;;;;;;;;;;;;Herr;;Thomas;Schneider;Geschäftsführer;;;;;;;;;;;;;;;;;;;;;;;;;;;;;;;;;;;;;;;;;;;Einbezahltes Kapital CHF 90'000 - 179'999;Einbezahltes Kapital CHF 90'000 - 179'999;mittleres bis höheres Risiko;31;15000;aktiv;;;;
480220477;CH02010774477;CHE-451.599.259;Handy Reparatur Al Fauori;;;Zürcherstrasse 92;;8406;Winterthur;Zürich;Schweiz;;Zürcherstrasse 92;;8406;Winterthur;Zürich;Schweiz;;;;;;deutsch;;;;;951200;Reparatur von Telekommunikationsgeräten;;;;;;7629;Reparatur von elektrischen und elektronischen Anlagen (sonstige);Reparaturen von Handys, sowie Verkauf von Handy Zubehör und anderen elektronischen Geräten.;;;;Einzelfirma;keine Filiale;20171228;2017;5;;;;;;;;;;;;;;;;;;;;;;;;;;;;;;;;;;;;;;;;;;;;;;;;;;;;;;Olfat;Al Fauori;Inhaber/in;;;;;;;;;;;;;;;;;;;;;;;;;;;;;;;;;;;;;;;;;;;Die finanziellen Mittel sind unbekannt;Die finanziellen Mittel sind unbekannt;geringes bis mittleres Risiko;63;25000;aktiv;;;;
487170040;CH02010670701;CHE-428.293.360;Müller Gymnastics;;;Weinbergstrasse 24;;8630;Rüti ZH;Zürich;Schweiz;;Weinbergstrasse 24;;8630;Rüti ZH;Zürich;Schweiz;;;;;;deutsch;;;;;476402;Detailhandel mit Sportartikeln;;;;;;5941;Einzelhandel mit Fahrrädern und Sportartikeln;Verkauf von Sportbekleidung / Sportmaterial.;;;;Einzelfirma;keine Filiale;20131115;2013;2;;;;;;;;;;;;;;;;;;;;;;;;;;;;;;;;;;;;;;;;;;;;;;;;;;;;Frau;;Marlen;Müller;Geschäftsführer;;;;;;;;;;;;;;;;;;;;;;;;;;;;;;;;;;;;;;;;;;;Die finanziellen Mittel sind unbekannt;Die finanziellen Mittel sind unbekannt;geringes bis mittleres Risiko;80;10000;aktiv;Ist wirtschaftlich aktiv;3;950.00;
483653916;;;NailGarage Juninger;;;Beckenhofstrasse 70;;8006;Zürich;Zürich;Schweiz;;Beckenhofstrasse 70;;8006;Zürich;Zürich;Schweiz;;;;;;deutsch;043 233 88 68;;;;960202;Kosmetiksalons;;;;;;7231;Kosmetiksalon;;;;;Einzelfirma;keine Filiale;;;2;;;;;;;31-12-2019 00:00:00;CHF;36400.00;;;;;;;;;;;;;;;;;;;;;;;;;;;;;;;;;;;;;;;;;;;Herr;;Pascal;Juninger;Geschäftsführer;Herr;;Pascal;Juninger;Leiter Finanz-/Rechnungswesen;Herr;;Pascal;Juninger;Leiter EDV;Herr;;Pascal;Juninger;Leiter Marketing;Herr;;Pascal;Juninger;Leiter Einkauf;Herr;;Pascal;Juninger;Verkaufsleiter;;;;;;;;;;;;;02710;UBS AG;8000 Zürich;;;Die finanziellen Mittel sind unbekannt;Die finanziellen Mittel sind unbekannt;zuwenig verfügbare Angaben;;;aktiv;;;;
487977316;CH44040120717;CHE-102.915.075;LG LONDON GIPSER GmbH;;;Neuhusstrasse 6;;8630;Rüti ZH;Zürich;Schweiz;;Neuhusstrasse 6;;8630;Rüti ZH;Zürich;Schweiz;;;;;;deutsch;;076 275 86 11;;http://www.london-gipser.ch;561003;Verwaltung von Restaurantssbetrieben;561001;;;;;5812;Speise-Restaurantbetrieb;Die Gesellschaft bezweckt die Erbringung von baugewerblichen Leistungen, insbesondere den Betrieb eines Gipser- und Malergeschäftes. Die Gesellschaft kann als Generalunternehmer tätig sein, Umbauten und Renovationen aller Art ausführen sowie Waren alle;;;;Gesellschaft mit beschränkter Haftung;keine Filiale;19970214;1997;1;;20000.00;20000.00;;;;31-12-2012 00:00:00;CHF;260000.00;;;;;;;;;;;;;;;;;;;;;;;;;;;;;;;;;;;;;;;;;;;Herr;;Lulzim;Shefketi;Geschäftsführer/in;;;;;;;;;;;;;;;;;;;;;;;;;;;;;;;;;;;;;;;;;;;Einbezahltes Kapital CHF 20'000 - 49'999;Einbezahltes Kapital CHF 20'000 - 49'999;geringes bis mittleres Risiko;57;5000;aktiv;;;;
487168010;CH02040512991;CHE-219.240.949;MONAMI GmbH;;;Renggerstrasse 3;;8038;Zürich;Zürich;Schweiz;;Renggerstrasse 3;;8038;Zürich;Zürich;Schweiz;;;;;;deutsch;;076 395 55 39;;http://www.monami-content.com;702100;Public-Relations-Beratung;;;;;;7392;Unternehmensberatung und Public Relations;Die Gesellschaft bezweckt den Betrieb einer Kommunikationsagentur. Die Gesellschaft bezweckt zudem den Betrieb einer Veranstaltungsagentur im Rahmen von Kultur-, und Nachtleben. Die Gesellschaft bezweckt weiter auch das Managing von Künstlern. Die Gesell;;;;Gesellschaft mit beschränkter Haftung;keine Filiale;20131114;2013;12;;20000.00;20000.00;;;;31-12-2015 00:00:00;CHF;370000.00;;;;;;;;;;;;;;;;;;;;;;;;;;;;;;;;;;;;;;;;;;;Herr;;David;Cappellini;Geschäftsführer/in;;;;;;;;;;;;;;;;;;;;;;;;;;;;;;;;;;;;;;08439;Migros Bank AG;5000 Aarau;Acribia AG;Zürich;Einbezahltes Kapital CHF 20'000 - 49'999;Einbezahltes Kapital CHF 20'000 - 49'999;geringes bis mittleres Risiko;82;25000;aktiv;Ist wirtschaftlich aktiv;1;100.00;
486030252;CH02060015284;CHE-207.750.439;Humanitas Helvetica e.V.;;Presdok AG;Mimosenstrasse 5;;8057;Zürich;Zürich;Schweiz;Presdok AG;Mimosenstrasse 5;;8057;Zürich;Zürich;Schweiz;;;;;;deutsch;;;;http://www.humanitas-helvetica.ch;949904;Sonstige Interessenvertretungen und Vereinigungen a. n. g.;;;;;;8641;Zivil-, Sozial- und sonstiger Verein;Der Verein - unterstützt die Freiheit, Sicherheit, Unabhängigkeit und Selbstbestimmung aller Menschen. - fördert im speziellen die Einhaltung der Menschenrechte und die Kriminalprävention. - fördert geistesverwandte Organisationen und Personen. - bet;;;;Verein;keine Filiale;20110616;2011;1;;;;;;;;;;;;;;;;;;;;;;;;;;;;;;;;;;;;;;;;;;;;;;;;;;;;Herr;;Hans-Ulrich;Helfer;Präsident/in;;;;;;;;;;;;;;;;;;;;;;;;;;;;;;;;;;;;;;;;;;;Die finanziellen Mittel sind unbekannt;Die finanziellen Mittel sind unbekannt;zuwenig verfügbare Angaben;;;aktiv;;;;
484296871;;CHE-108.183.471;Hans A. Bienz;;;Wagerenstrasse 17;;8610;Uster;Zürich;Schweiz;;Wagerenstrasse 17;;8610;Uster;Zürich;Schweiz;;;;;;deutsch;044 944 90 90;;044 944 90 94;http://www.tierarzt-uster.ch;750000;Veterinärwesen;;;;;;0742;Veterinärdienstleistungen für Haustiere;;;;;Einzelfirma;keine Filiale;;2007;1;;;;;;;31-12-2016 00:00:00;CHF;120000.00;;;;;;;;;;;;;;;;;;;;;;;;;;;;;;;;;;;;;;;;;;;Herr;;Hans A.;Bienz;Geschäftsführer;Herr;;Hans A.;Bienz;Leiter Finanz-/Rechnungswesen;Herr;;Hans A.;Bienz;Leiter EDV;Herr;;Hans A.;Bienz;Leiter Marketing;Herr;;Hans A.;Bienz;Leiter Einkauf;Herr;;Hans A.;Bienz;Verkaufsleiter;;;;;;;;;;;;;00195;Postfinance;3002 Bern;;;Die finanziellen Mittel sind unbekannt;Die finanziellen Mittel sind unbekannt;geringes bis mittleres Risiko;74;5000;aktiv;Ist wirtschaftlich aktiv;1;100.00;
480185368;CH17010096724;CHE-336.424.586;Rossmann Private Client Tax Services;;;Letzacherstrasse 23;;8117;Fällanden;Zürich;Schweiz;;Letzacherstrasse 23;;8117;Fällanden;Zürich;Schweiz;;;;;;deutsch;;079 681 80 95;;http://www.rossmann.ch;692000;"Wirtschaftsprüfung und Steuerberatung; Buchführung; Treuhandgesellschaften";;;;;;8931;Dienstleistung im Bereich Rechnungswesen, Revision, Buchhaltung, Treuhand;Führung einer Steuer-, Sozialversicherungs- und Migrationsrechtspraxis einschliesslich allgemeiner Treuhanddienstleistungen für natürliche und juristische Personen.;;;;Einzelfirma;keine Filiale;20170601;2017;2;;;;;;;;;;;;;;;;;;;;;;;;;;;;;;;;;;;;;;;;;;;;;;;;;;;;Herr;Dr.;Christian Robert;Rossmann;Geschäftsführer;;;;;;;;;;;;;;;;;;;;;;;;;;;;;;;;;;;;;;;;;;;Die finanziellen Mittel sind unbekannt;Die finanziellen Mittel sind unbekannt;geringes bis mittleres Risiko;48;10000;aktiv;Ist wirtschaftlich aktiv;1;150.00;
